	id	text
0	BLUEBERRIES	SPINOSAD
1	BLUEBERRIES	GIBBERELLIC ACID
2	BLUEBERRIES	NORFLURAZON
3	BLUEBERRIES	POTASSIUM SILICATE
4	BLUEBERRIES	ETHOPROP
5	BLUEBERRIES	METHYL PARATHION
6	BLUEBERRIES	GERANIOL
7	BLUEBERRIES	BACILLUS SUBTILIS
8	BLUEBERRIES	SIMAZINE
9	BLUEBERRIES	S-METOLACHLOR
10	BLUEBERRIES	PROTHIOCONAZOLE
11	BLUEBERRIES	METSULFURON-METHYL
12	BLUEBERRIES	PYRETHRINS
13	BLUEBERRIES	FENBUCONAZOLE
14	BLUEBERRIES	HEXAZINONE
15	BLUEBERRIES	METHOMYL
16	BLUEBERRIES	ZINC PHOSPHIDE
17	BLUEBERRIES	CAPTAN
18	BLUEBERRIES	ZIRAM
19	BLUEBERRIES	COPPER HYDROXIDE
20	BLUEBERRIES	ACETAMIPRID
21	BLUEBERRIES	CYPRODINIL
22	BLUEBERRIES	RIMSULFURON
23	BLUEBERRIES	MALATHION
24	BLUEBERRIES	2,4-D, DIMETH. SALT
25	BLUEBERRIES	AZADIRACHTIN
26	BLUEBERRIES	METALDEHYDE
27	BLUEBERRIES	PHOSMET
28	BLUEBERRIES	ISOXABEN
29	BLUEBERRIES	AZOXYSTROBIN
30	BLUEBERRIES	POLYOXIN D ZINC SALT
31	BLUEBERRIES	TEBUTHIURON
32	BLUEBERRIES	CHLORANTRANILIPROLE
33	BLUEBERRIES	PROPICONAZOLE
34	BLUEBERRIES	BASIC COPPER SULFATE
35	BLUEBERRIES	PYRACLOSTROBIN
36	BLUEBERRIES	HYDROGEN PEROXIDE
37	BLUEBERRIES	MYCLOBUTANIL
38	BLUEBERRIES	MINERAL OIL
39	BLUEBERRIES	TERBACIL
40	BLUEBERRIES	GLYPHOSATE ISO. SALT
41	BLUEBERRIES	COPPER SULFATE
42	BLUEBERRIES	GLUFOSINATE-AMMONIUM
43	BLUEBERRIES	CARBARYL
44	BLUEBERRIES	FLUAZINAM
45	BLUEBERRIES	SPINETORAM-J
46	BLUEBERRIES	ORYZALIN
47	BLUEBERRIES	NAPROPAMIDE
48	BLUEBERRIES	ESFENVALERATE
49	BLUEBERRIES	GLYPHOSATE POT. SALT
50	BLUEBERRIES	BT KURSTAKI SA-11
51	BLUEBERRIES	2,4-D, BEE
52	BLUEBERRIES	THIAMETHOXAM
53	BLUEBERRIES	SETHOXYDIM
54	BLUEBERRIES	LINURON
55	BLUEBERRIES	QUINCLORAC
56	BLUEBERRIES	THIFENSULFURON
57	BLUEBERRIES	HALOSULFURON-METHYL
58	BLUEBERRIES	EUGENOL
59	BLUEBERRIES	TRIETHYLAMINE TRICLO
60	BLUEBERRIES	ETHEPHON
61	BLUEBERRIES	PRONAMIDE
62	BLUEBERRIES	CYTOKININS
63	BLUEBERRIES	METHYL ANTHRANILATE
64	BLUEBERRIES	NURANONE
65	BLUEBERRIES	DICHLOBENIL
66	BLUEBERRIES	ULOCLADIUM OUDEMANSII U3
67	BLUEBERRIES	FERBAM
68	BLUEBERRIES	PYRIPROXYFEN
69	BLUEBERRIES	2,4-D, DIETH. SALT
70	BLUEBERRIES	IMIDACLOPRID
71	BLUEBERRIES	CARFENTRAZONE-ETHYL
72	BLUEBERRIES	CALCIUM POLYSULFIDE
73	BLUEBERRIES	BETA-CYFLUTHRIN
74	BLUEBERRIES	METALAXYL
75	BLUEBERRIES	FOSETYL-AL
76	BLUEBERRIES	FLUMIOXAZIN
77	BLUEBERRIES	SULFENTRAZONE
78	BLUEBERRIES	COPPER AMM. COMPLEX
79	BLUEBERRIES	BUTOXYETHYL TRICLOPY
80	BLUEBERRIES	MONO-POTASSIUM SALT
81	BLUEBERRIES	BT KURSTAKI ABTS-351
82	BLUEBERRIES	MESOTRIONE
83	BLUEBERRIES	IPRODIONE
84	BLUEBERRIES	ENDOSULFAN
85	BLUEBERRIES	BORAX DECAHYDRATE
86	BLUEBERRIES	TRIBENURON-METHYL
87	BLUEBERRIES	MANCOZEB
88	BLUEBERRIES	TEBUFENOZIDE
89	BLUEBERRIES	CLETHODIM
90	BLUEBERRIES	OXYFLUORFEN
91	BLUEBERRIES	BT KURSTAKI EG7841
92	BLUEBERRIES	BT KURSTAKI SA-12
93	BLUEBERRIES	SULFUR
94	BLUEBERRIES	MEFENOXAM
95	BLUEBERRIES	NEEM OIL, CLAR. HYD.
96	BLUEBERRIES	POTASSIUM PHOSPHATE
97	BLUEBERRIES	GLYPHOSATE
98	BLUEBERRIES	DIURON
99	BLUEBERRIES	INDOXACARB
100	BLUEBERRIES	ETHALFLURALIN
101	BLUEBERRIES	FENPROPATHRIN
102	BLUEBERRIES	2-PHENYLETHYL PROPIONATE
103	BLUEBERRIES	FENHEXAMID
104	BLUEBERRIES	THIACLOPRID
105	BLUEBERRIES	DIAZINON
106	BLUEBERRIES	STREPTOMYCES LYDICUS
107	BLUEBERRIES	BIFENTHRIN
108	BLUEBERRIES	CHLOROTHALONIL
109	BLUEBERRIES	BOSCALID
110	BLUEBERRIES	METHOXYFENOZIDE
111	BLUEBERRIES	FLUPYRADIFURONE
112	BLUEBERRIES	GLYPHOSATE AMM. SALT
113	BLUEBERRIES	BACILLUS AMYLOLIQUEFACIENS STRAIN D747
114	BLUEBERRIES	SPINETORAM
115	BLUEBERRIES	REYNOUTRIA SACHALINE
116	BLUEBERRIES	METCONAZOLE
117	BLUEBERRIES	FLUDIOXONIL
118	BLUEBERRIES	SPINETORAM-L
119	BLUEBERRIES	OXYCARBOXIN
120	BLUEBERRIES	CYANAMID
121	BLUEBERRIES	COPPER CHLORIDE HYD.
122	BLUEBERRIES	CUPRAMMONIUM ACETATE
123	BLUEBERRIES	CLOPYRALID MONO SALT
124	BLUEBERRIES	ZETA-CYPERMETHRIN
125	BLUEBERRIES	COPPER OXIDE
126	BLUEBERRIES	DIQUAT DIBROMIDE
127	BLUEBERRIES	PARAQUAT
128	BLUEBERRIES	BACILLUS PUMILUS
129	BLUEBERRIES	CYANTRANILIPROLE
130	BLUEBERRIES	CHROMOBAC SUBTSUGAE PRAA4-1 CELLS AND SPENT MEDIA
131	BLUEBERRIES	NOVALURON
132	PEACHES	SPINOSAD
133	PEACHES	GIBBERELLIC ACID
134	PEACHES	NORFLURAZON
135	PEACHES	QUINOLINE
136	PEACHES	CHLOROPICRIN
137	PEACHES	Z-8-DODECEN ACETATE
138	PEACHES	GERANIOL
139	PEACHES	BACILLUS SUBTILIS
140	PEACHES	2,4-D
141	PEACHES	SIMAZINE
142	PEACHES	CYFLUTHRIN
143	PEACHES	DODECANOL
144	PEACHES	OXYTETRACYCLINE CALC
145	PEACHES	CLOFENTEZINE
146	PEACHES	FLUBENDIAMIDE
147	PEACHES	PYRETHRINS
148	PEACHES	OXYTETRACYCLINE HYDROCHLORIDE
149	PEACHES	FENBUCONAZOLE
150	PEACHES	METHOMYL
151	PEACHES	ZINC PHOSPHIDE
152	PEACHES	CAPTAN
153	PEACHES	ZIRAM
154	PEACHES	COPPER HYDROXIDE
155	PEACHES	ACETAMIPRID
156	PEACHES	CAPRYLIC ACID
157	PEACHES	TETRADECANOL
158	PEACHES	CYPRODINIL
159	PEACHES	RIMSULFURON
160	PEACHES	MALATHION
161	PEACHES	FARNESOL
162	PEACHES	2,4-D, DIMETH. SALT
163	PEACHES	METALDEHYDE
164	PEACHES	PHOSMET
165	PEACHES	ISOXABEN
166	PEACHES	AZOXYSTROBIN
167	PEACHES	CHLORANTRANILIPROLE
168	PEACHES	PROPICONAZOLE
169	PEACHES	BASIC COPPER SULFATE
170	PEACHES	PYRACLOSTROBIN
171	PEACHES	FLUAZIFOP-P-BUTYL
172	PEACHES	HYDROGEN PEROXIDE
173	PEACHES	METIRAM
174	PEACHES	MYCLOBUTANIL
175	PEACHES	MINERAL OIL
176	PEACHES	COPPER OCTANOATE
177	PEACHES	TERBACIL
178	PEACHES	PETROLEUM DISTILLATE
179	PEACHES	GLYPHOSATE ISO. SALT
180	PEACHES	COPPER SULFATE
181	PEACHES	PIPERONYL BUTOXIDE
182	PEACHES	GLUFOSINATE-AMMONIUM
183	PEACHES	CARBARYL
184	PEACHES	SPINETORAM-J
185	PEACHES	ORYZALIN
186	PEACHES	ESFENVALERATE
187	PEACHES	DICHLOROPROPENE
188	PEACHES	GLYPHOSATE POT. SALT
189	PEACHES	DINOTEFURAN
190	PEACHES	FLUTRIAFOL
191	PEACHES	ACEPHATE
192	PEACHES	2,4-D, BEE
193	PEACHES	THIAMETHOXAM
194	PEACHES	SETHOXYDIM
195	PEACHES	CLOTHIANIDIN
196	PEACHES	HALOSULFURON-METHYL
197	PEACHES	TERBUTRYN
198	PEACHES	SPIRODICLOFEN
199	PEACHES	ETHEPHON
200	PEACHES	METHYL ANTHRANILATE
201	PEACHES	PYRIMETHANIL
202	PEACHES	DIFENOCONAZOLE
203	PEACHES	ALUMINUM PHOSPHIDE
204	PEACHES	DODECADIEN-1-OL
205	PEACHES	PYRAFLUFEN-ETHYL
206	PEACHES	PENDIMETHALIN
207	PEACHES	OCTADECADIEN (E,Z)
208	PEACHES	FLUOPYRAM
209	PEACHES	PYRIPROXYFEN
210	PEACHES	POTASSIUM BICARBON.
211	PEACHES	2,4-D, DIETH. SALT
212	PEACHES	NEROLIDOL
213	PEACHES	IMIDACLOPRID
214	PEACHES	2,4-D, 2-EHE
215	PEACHES	CARFENTRAZONE-ETHYL
216	PEACHES	CALCIUM POLYSULFIDE
217	PEACHES	BETA-CYFLUTHRIN
218	PEACHES	TRIFLOXYSTROBIN
219	PEACHES	FOSETYL-AL
220	PEACHES	FLUMIOXAZIN
221	PEACHES	FENBUTATIN-OXIDE
222	PEACHES	BUTOXYETHYL TRICLOPY
223	PEACHES	MONO-POTASSIUM SALT
224	PEACHES	BT KURSTAKI ABTS-351
225	PEACHES	CAPRIC ACID
226	PEACHES	ETHYL PARATHION
227	PEACHES	CITRONELLOL
228	PEACHES	IPRODIONE
229	PEACHES	PROPARGITE
230	PEACHES	ENDOSULFAN
231	PEACHES	BUTENOIC ACID HYDRO.
232	PEACHES	PROMETRYN
233	PEACHES	BORAX DECAHYDRATE
234	PEACHES	MANCOZEB
235	PEACHES	HEXYTHIAZOX
236	PEACHES	FENPYROXIMATE
237	PEACHES	CLETHODIM
238	PEACHES	TEBUCONAZOLE
239	PEACHES	OXYFLUORFEN
240	PEACHES	KAOLIN
241	PEACHES	BT KURSTAKI SA-12
242	PEACHES	DODINE
243	PEACHES	IMAZAPYR, ISO. SALT
244	PEACHES	SULFUR
245	PEACHES	DIFLUBENZURON
246	PEACHES	NEEM OIL, CLAR. HYD.
247	PEACHES	PERMETHRIN
248	PEACHES	BENZYLADENINE
249	PEACHES	FLUXAPYROXAD
250	PEACHES	DIURON
251	PEACHES	ABAMECTIN
252	PEACHES	INDOXACARB
253	PEACHES	PYRIDABEN
254	PEACHES	BUPROFEZIN
255	PEACHES	LAMBDA-CYHALOTHRIN
256	PEACHES	ETHALFLURALIN
257	PEACHES	FENPROPATHRIN
258	PEACHES	CYDIA POMONELLA GRANULOVIRUS V22
259	PEACHES	FENHEXAMID
260	PEACHES	THIACLOPRID
261	PEACHES	DIAZINON
262	PEACHES	INDAZIFLAM
263	PEACHES	PEROXYACETIC ACID
264	PEACHES	BIFENTHRIN
265	PEACHES	THIRAM
266	PEACHES	CHLOROTHALONIL
267	PEACHES	BOSCALID
268	PEACHES	METHOXYFENOZIDE
269	PEACHES	SPIROTETRAMAT
270	PEACHES	PENTHIOPYRAD
271	PEACHES	FLUPYRADIFURONE
272	PEACHES	GAMMA-CYHALOTHRIN
273	PEACHES	BACILLUS AMYLOLIQUEFACIENS STRAIN D747
274	PEACHES	SPINETORAM
275	PEACHES	REYNOUTRIA SACHALINE
276	PEACHES	E-8-DODECENYL ACETAT
277	PEACHES	METCONAZOLE
278	PEACHES	THIOPHANATE-METHYL
279	PEACHES	FLUDIOXONIL
280	PEACHES	BIFENAZATE
281	PEACHES	SPINETORAM-L
282	PEACHES	COPPER CHLORIDE HYD.
283	PEACHES	CHLOROPHACINONE
284	PEACHES	Z-8-DODECANOL
285	PEACHES	CLOPYRALID MONO SALT
286	PEACHES	COPPER RESINATE
287	PEACHES	ETOXAZOLE
288	PEACHES	ZETA-CYPERMETHRIN
289	PEACHES	COPPER OXIDE
290	PEACHES	DIQUAT DIBROMIDE
291	PEACHES	PARAQUAT
292	PEACHES	OCTADECADIEN (Z,Z)
293	PEACHES	CHROMOBAC SUBTSUGAE PRAA4-1 CELLS AND SPENT MEDIA
294	PEACHES	NOVALURON
295	PEACHES	CHLORPYRIFOS
296	PEARS	SPINOSAD
297	PEARS	GIBBERELLIC ACID
298	PEARS	NORFLURAZON
299	PEARS	Z-8-DODECEN ACETATE
300	PEARS	BACILLUS SUBTILIS
301	PEARS	SIMAZINE
302	PEARS	CYFLUTHRIN
303	PEARS	DODECANOL
304	PEARS	OXYTETRACYCLINE CALC
305	PEARS	CLOFENTEZINE
306	PEARS	AUREOBASIDIUM PULLULANS DSM 14940
307	PEARS	METSULFURON-METHYL
308	PEARS	FLUBENDIAMIDE
309	PEARS	PYRETHRINS
310	PEARS	FENBUCONAZOLE
311	PEARS	TRIADIMEFON
312	PEARS	OXYTETRACYCLINE HYDROCHLORIDE
313	PEARS	CYFLUMETOFEN
314	PEARS	NAA, SODIUM
315	PEARS	ZINC PHOSPHIDE
316	PEARS	CAPTAN
317	PEARS	ZIRAM
318	PEARS	COPPER HYDROXIDE
319	PEARS	ACETAMIPRID
320	PEARS	DIMETHENAMID-P
321	PEARS	CAPRYLIC ACID
322	PEARS	TETRADECANOL
323	PEARS	CYPRODINIL
324	PEARS	RIMSULFURON
325	PEARS	2,4-D, DIMETH. SALT
326	PEARS	AZADIRACHTIN
327	PEARS	PHOSMET
328	PEARS	CHLORANTRANILIPROLE
329	PEARS	PSEUDOMONAS FLUORESCENS A506
330	PEARS	PROPICONAZOLE
331	PEARS	BASIC COPPER SULFATE
332	PEARS	PYRACLOSTROBIN
333	PEARS	HYDROGEN PEROXIDE
334	PEARS	MYCLOBUTANIL
335	PEARS	MINERAL OIL
336	PEARS	COPPER OCTANOATE
337	PEARS	PETROLEUM DISTILLATE
338	PEARS	GLYPHOSATE ISO. SALT
339	PEARS	COPPER SULFATE
340	PEARS	PIPERONYL BUTOXIDE
341	PEARS	GLUFOSINATE-AMMONIUM
342	PEARS	CARBARYL
343	PEARS	ORYZALIN
344	PEARS	ESFENVALERATE
345	PEARS	FLUTRIAFOL
346	PEARS	GLYPHOSATE POT. SALT
347	PEARS	BACILLUS SUBT. GB03
348	PEARS	NAA, AMMONIUM SALT
349	PEARS	THIAMETHOXAM
350	PEARS	LINURON
351	PEARS	THIFENSULFURON
352	PEARS	CLOTHIANIDIN
353	PEARS	MYROTHECIUM VERRUC.
354	PEARS	SPIRODICLOFEN
355	PEARS	ETHEPHON
356	PEARS	CYTOKININS
357	PEARS	PYRIMETHANIL
358	PEARS	METHYL ANTHRANILATE
359	PEARS	DIFENOCONAZOLE
360	PEARS	ALUMINUM PHOSPHIDE
361	PEARS	DODECADIEN-1-OL
362	PEARS	PYRAFLUFEN-ETHYL
363	PEARS	TRIFLUMIZOLE
364	PEARS	DICHLOBENIL
365	PEARS	PENDIMETHALIN
366	PEARS	PRODIAMINE
367	PEARS	SAFLUFENACIL
368	PEARS	FLUOPYRAM
369	PEARS	PYRIPROXYFEN
370	PEARS	POTASSIUM BICARBON.
371	PEARS	2,4-D, DIETH. SALT
372	PEARS	IMIDACLOPRID
373	PEARS	CARFENTRAZONE-ETHYL
374	PEARS	CALCIUM POLYSULFIDE
375	PEARS	BETA-CYFLUTHRIN
376	PEARS	NAA, POTASSIUM SALT
377	PEARS	TRIFLOXYSTROBIN
378	PEARS	FOSETYL-AL
379	PEARS	FLUMIOXAZIN
380	PEARS	FENBUTATIN-OXIDE
381	PEARS	COPPER AMM. COMPLEX
382	PEARS	MONO-POTASSIUM SALT
383	PEARS	KASUGAMYCIN
384	PEARS	BT KURSTAKI ABTS-351
385	PEARS	CAPRIC ACID
386	PEARS	BUTENOIC ACID HYDRO.
387	PEARS	TRIBENURON-METHYL
388	PEARS	MANCOZEB
389	PEARS	HEXYTHIAZOX
390	PEARS	FENPYROXIMATE
391	PEARS	DIPHACINONE
392	PEARS	NAA
393	PEARS	HARPIN A B PROTEIN
394	PEARS	AUREOBASIDIUM PULLULANS DSM 14941
395	PEARS	OXYFLUORFEN
396	PEARS	KAOLIN
397	PEARS	BT KURSTAKI SA-12
398	PEARS	DODINE
399	PEARS	CYD-X GRANULO. VIRUS
400	PEARS	FLONICAMID
401	PEARS	SULFUR
402	PEARS	DIFLUBENZURON
403	PEARS	ACIBENZOLAR-S-METHYL
404	PEARS	PERMETHRIN
405	PEARS	BENZYLADENINE
406	PEARS	FLUXAPYROXAD
407	PEARS	GLYPHOSATE
408	PEARS	DIURON
409	PEARS	ABAMECTIN
410	PEARS	PYRIDABEN
411	PEARS	BUPROFEZIN
412	PEARS	DIMETHOATE
413	PEARS	LAMBDA-CYHALOTHRIN
414	PEARS	STREPTOMYCIN SULFATE
415	PEARS	FENPROPATHRIN
416	PEARS	NRRL B-21856
417	PEARS	GIBBERELLINS A4A7
418	PEARS	EMAMECTIN BENZOATE
419	PEARS	FENHEXAMID
420	PEARS	ACEQUINOCYL
421	PEARS	DIAZINON
422	PEARS	THIACLOPRID
423	PEARS	INDAZIFLAM
424	PEARS	STREPTOMYCES LYDICUS
425	PEARS	PEROXYACETIC ACID
426	PEARS	BIFENTHRIN
427	PEARS	CHLOROTHALONIL
428	PEARS	FENARIMOL
429	PEARS	BOSCALID
430	PEARS	METHOXYFENOZIDE
431	PEARS	SPIROTETRAMAT
432	PEARS	PENTHIOPYRAD
433	PEARS	FLUPYRADIFURONE
434	PEARS	GLYPHOSATE AMM. SALT
435	PEARS	POTASSIUM SALTS
436	PEARS	SPINETORAM
437	PEARS	REYNOUTRIA SACHALINE
438	PEARS	E-8-DODECENYL ACETAT
439	PEARS	THIOPHANATE-METHYL
440	PEARS	FLUDIOXONIL
441	PEARS	BIFENAZATE
442	PEARS	ETHYL (2E;4Z)-DECADIENOATE
443	PEARS	SPINETORAM-L
444	PEARS	NEEM OIL
445	PEARS	COPPER CHLORIDE HYD.
446	PEARS	CHLOROPHACINONE
447	PEARS	Z-8-DODECANOL
448	PEARS	ETOXAZOLE
449	PEARS	ZETA-CYPERMETHRIN
450	PEARS	COPPER OXIDE
451	PEARS	DIQUAT DIBROMIDE
452	PEARS	PARAQUAT
453	PEARS	BACILLUS PUMILUS
454	PEARS	AMITRAZ
455	PEARS	CYANTRANILIPROLE
456	PEARS	CHROMOBAC SUBTSUGAE PRAA4-1 CELLS AND SPENT MEDIA
457	PEARS	KRESOXIM-METHYL
458	PEARS	NOVALURON
459	PEARS	CHLORPYRIFOS
460	BROCCOLI	SPINOSAD
461	BROCCOLI	BACILLUS SUBTILIS
462	BROCCOLI	CYFLUTHRIN
463	BROCCOLI	FLUBENDIAMIDE
464	BROCCOLI	PYRETHRINS
465	BROCCOLI	METHOMYL
466	BROCCOLI	COPPER HYDROXIDE
467	BROCCOLI	FENAMIDONE
468	BROCCOLI	ACETAMIPRID
469	BROCCOLI	CYPRODINIL
470	BROCCOLI	MALATHION
471	BROCCOLI	AZADIRACHTIN
472	BROCCOLI	AZOXYSTROBIN
473	BROCCOLI	CHLORANTRANILIPROLE
474	BROCCOLI	BT KURSTAK ABTS-1857
475	BROCCOLI	PYRACLOSTROBIN
476	BROCCOLI	COPPER OCTANOATE
477	BROCCOLI	PETROLEUM DISTILLATE
478	BROCCOLI	GLYPHOSATE ISO. SALT
479	BROCCOLI	CONIOTHYRIUM MINITAN
480	BROCCOLI	CARBARYL
481	BROCCOLI	NAPROPAMIDE
482	BROCCOLI	ESFENVALERATE
483	BROCCOLI	GLYPHOSATE POT. SALT
484	BROCCOLI	DINOTEFURAN
485	BROCCOLI	DICHLOROPROPENE
486	BROCCOLI	BT KURSTAKI SA-11
487	BROCCOLI	DIMETHOMORPH
488	BROCCOLI	DCPA
489	BROCCOLI	THIAMETHOXAM
490	BROCCOLI	SETHOXYDIM
491	BROCCOLI	TRIFLURALIN
492	BROCCOLI	CLOTHIANIDIN
493	BROCCOLI	MYROTHECIUM VERRUC.
494	BROCCOLI	PYRAFLUFEN-ETHYL
495	BROCCOLI	BENSULIDE
496	BROCCOLI	FLUOPYRAM
497	BROCCOLI	POTASSIUM BICARBON.
498	BROCCOLI	IMIDACLOPRID
499	BROCCOLI	BETA-CYFLUTHRIN
500	BROCCOLI	TRIFLOXYSTROBIN
501	BROCCOLI	FOSETYL-AL
502	BROCCOLI	PYMETROZINE
503	BROCCOLI	MONO-POTASSIUM SALT
504	BROCCOLI	BT KURSTAKI ABTS-351
505	BROCCOLI	IPRODIONE
506	BROCCOLI	MANEB
507	BROCCOLI	MANCOZEB
508	BROCCOLI	CLETHODIM
509	BROCCOLI	BT SUB AIZAWAI GC-91
510	BROCCOLI	OXYFLUORFEN
511	BROCCOLI	FLONICAMID
512	BROCCOLI	SULFUR
513	BROCCOLI	MEFENOXAM
514	BROCCOLI	SPINETORAM
515	BROCCOLI	AMETOCTRADIN
516	BROCCOLI	NEEM OIL, CLAR. HYD.
517	BROCCOLI	PERMETHRIN
518	BROCCOLI	FLUXAPYROXAD
519	BROCCOLI	ABAMECTIN
520	BROCCOLI	INDOXACARB
521	BROCCOLI	BUPROFEZIN
522	BROCCOLI	DIMETHOATE
523	BROCCOLI	LAMBDA-CYHALOTHRIN
524	BROCCOLI	EMAMECTIN BENZOATE
525	BROCCOLI	STREPTOMYCES LYDICUS
526	BROCCOLI	BIFENTHRIN
527	BROCCOLI	CHLOROTHALONIL
528	BROCCOLI	OXYDEMETON-METHYL
529	BROCCOLI	BOSCALID
530	BROCCOLI	METHOXYFENOZIDE
531	BROCCOLI	SPIROTETRAMAT
532	BROCCOLI	PENTHIOPYRAD
533	BROCCOLI	BURKHOLDERIA A396 CELLS & MEDIA
534	BROCCOLI	FLUPYRADIFURONE
535	BROCCOLI	POTASSIUM SALTS
536	BROCCOLI	FLUDIOXONIL
537	BROCCOLI	PAECILOMYCES FUMOSOR
538	BROCCOLI	SPIROMESIFEN
539	BROCCOLI	MANDIPROPAMIDE TECHN
540	BROCCOLI	NEEM OIL
541	BROCCOLI	NALED
542	BROCCOLI	CLOPYRALID MONO SALT
543	BROCCOLI	ZETA-CYPERMETHRIN
544	BROCCOLI	COPPER OXIDE
545	BROCCOLI	PARAQUAT
546	BROCCOLI	CYANTRANILIPROLE
547	BROCCOLI	CHROMOBAC SUBTSUGAE PRAA4-1 CELLS AND SPENT MEDIA
548	BROCCOLI	NOVALURON
549	BROCCOLI	CHLORPYRIFOS
550	CAULIFLOWER	SPINOSAD
551	CAULIFLOWER	BACILLUS SUBTILIS
552	CAULIFLOWER	CYFLUTHRIN
553	CAULIFLOWER	FLUBENDIAMIDE
554	CAULIFLOWER	PYRETHRINS
555	CAULIFLOWER	METHOMYL
556	CAULIFLOWER	COPPER HYDROXIDE
557	CAULIFLOWER	FENAMIDONE
558	CAULIFLOWER	ACETAMIPRID
559	CAULIFLOWER	MALATHION
560	CAULIFLOWER	AZADIRACHTIN
561	CAULIFLOWER	PAECILOMYCES LILACIN
562	CAULIFLOWER	AZOXYSTROBIN
563	CAULIFLOWER	CHLORANTRANILIPROLE
564	CAULIFLOWER	BT KURSTAK ABTS-1857
565	CAULIFLOWER	PYRACLOSTROBIN
566	CAULIFLOWER	HYDROGEN PEROXIDE
567	CAULIFLOWER	PETROLEUM DISTILLATE
568	CAULIFLOWER	GLYPHOSATE ISO. SALT
569	CAULIFLOWER	CONIOTHYRIUM MINITAN
570	CAULIFLOWER	CARBARYL
571	CAULIFLOWER	SPINETORAM-J
572	CAULIFLOWER	NAPROPAMIDE
573	CAULIFLOWER	ESFENVALERATE
574	CAULIFLOWER	DINOTEFURAN
575	CAULIFLOWER	GLYPHOSATE POT. SALT
576	CAULIFLOWER	ACEPHATE
577	CAULIFLOWER	BT KURSTAKI SA-11
578	CAULIFLOWER	DIMETHOMORPH
579	CAULIFLOWER	DCPA
580	CAULIFLOWER	THIAMETHOXAM
581	CAULIFLOWER	SETHOXYDIM
582	CAULIFLOWER	TRIFLURALIN
583	CAULIFLOWER	CLOTHIANIDIN
584	CAULIFLOWER	MYROTHECIUM VERRUC.
585	CAULIFLOWER	PYRAFLUFEN-ETHYL
586	CAULIFLOWER	BENSULIDE
587	CAULIFLOWER	IMIDACLOPRID
588	CAULIFLOWER	CARFENTRAZONE-ETHYL
589	CAULIFLOWER	BETA-CYFLUTHRIN
590	CAULIFLOWER	FOSETYL-AL
591	CAULIFLOWER	PYMETROZINE
592	CAULIFLOWER	MONO-POTASSIUM SALT
593	CAULIFLOWER	BT KURSTAKI ABTS-351
594	CAULIFLOWER	CYCLOATE
595	CAULIFLOWER	IPRODIONE
596	CAULIFLOWER	CYROMAZINE
597	CAULIFLOWER	CLETHODIM
598	CAULIFLOWER	BT SUB AIZAWAI GC-91
599	CAULIFLOWER	OXYFLUORFEN
600	CAULIFLOWER	FLONICAMID
601	CAULIFLOWER	MEFENOXAM
602	CAULIFLOWER	SPINETORAM
603	CAULIFLOWER	AMETOCTRADIN
604	CAULIFLOWER	NEEM OIL, CLAR. HYD.
605	CAULIFLOWER	ACIBENZOLAR-S-METHYL
606	CAULIFLOWER	PERMETHRIN
607	CAULIFLOWER	INDOXACARB
608	CAULIFLOWER	BUPROFEZIN
609	CAULIFLOWER	DIMETHOATE
610	CAULIFLOWER	LAMBDA-CYHALOTHRIN
611	CAULIFLOWER	EMAMECTIN BENZOATE
612	CAULIFLOWER	PEROXYACETIC ACID
613	CAULIFLOWER	STREPTOMYCES LYDICUS
614	CAULIFLOWER	BIFENTHRIN
615	CAULIFLOWER	CHLOROTHALONIL
616	CAULIFLOWER	OXYDEMETON-METHYL
617	CAULIFLOWER	BOSCALID
618	CAULIFLOWER	METHOXYFENOZIDE
619	CAULIFLOWER	SPIROTETRAMAT
620	CAULIFLOWER	PENTHIOPYRAD
621	CAULIFLOWER	FLUPYRADIFURONE
622	CAULIFLOWER	POTASSIUM SALTS
623	CAULIFLOWER	REYNOUTRIA SACHALINE
624	CAULIFLOWER	SPINETORAM-L
625	CAULIFLOWER	PAECILOMYCES FUMOSOR
626	CAULIFLOWER	SPIROMESIFEN
627	CAULIFLOWER	MANDIPROPAMIDE TECHN
628	CAULIFLOWER	NEEM OIL
629	CAULIFLOWER	NALED
630	CAULIFLOWER	ZETA-CYPERMETHRIN
631	CAULIFLOWER	CYANTRANILIPROLE
632	CAULIFLOWER	CHROMOBAC SUBTSUGAE PRAA4-1 CELLS AND SPENT MEDIA
633	CAULIFLOWER	NOVALURON
634	CAULIFLOWER	CHLORPYRIFOS
635	BEANS	SPINOSAD
636	BEANS	S-METOLACHLOR
637	BEANS	CYFLUTHRIN
638	BEANS	BEAUVERIA BASSIANA
639	BEANS	IMAZETHAPYR, AMMON.
640	BEANS	FLUBENDIAMIDE
641	BEANS	PYRETHRINS
642	BEANS	METHOMYL
643	BEANS	CAPTAN
644	BEANS	COPPER HYDROXIDE
645	BEANS	ACETAMIPRID
646	BEANS	CYPRODINIL
647	BEANS	MALATHION
648	BEANS	AZADIRACHTIN
649	BEANS	AZOXYSTROBIN
650	BEANS	CHLORANTRANILIPROLE
651	BEANS	PROPICONAZOLE
652	BEANS	PYRACLOSTROBIN
653	BEANS	MYCLOBUTANIL
654	BEANS	PETROLEUM DISTILLATE
655	BEANS	GLYPHOSATE ISO. SALT
656	BEANS	CARBARYL
657	BEANS	ESFENVALERATE
658	BEANS	GLYPHOSATE POT. SALT
659	BEANS	ACEPHATE
660	BEANS	METOLACHLOR
661	BEANS	THIAMETHOXAM
662	BEANS	SETHOXYDIM
663	BEANS	TRIFLURALIN
664	BEANS	HALOSULFURON-METHYL
665	BEANS	DIFENOCONAZOLE
666	BEANS	EPTC
667	BEANS	PENDIMETHALIN
668	BEANS	PYRIPROXYFEN
669	BEANS	IMIDACLOPRID
670	BEANS	CARFENTRAZONE-ETHYL
671	BEANS	BETA-CYFLUTHRIN
672	BEANS	CLOMAZONE
673	BEANS	BT KURSTAKI ABTS-351
674	BEANS	CYROMAZINE
675	BEANS	BENTAZON
676	BEANS	CYAZOFAMID
677	BEANS	MANCOZEB
678	BEANS	HEXYTHIAZOX
679	BEANS	FENPYROXIMATE
680	BEANS	CLETHODIM
681	BEANS	TEBUCONAZOLE
682	BEANS	IMAZAMOX
683	BEANS	CYMOXANIL
684	BEANS	MEFENOXAM
685	BEANS	SULFUR
686	BEANS	SPINETORAM
687	BEANS	PERMETHRIN
688	BEANS	ABAMECTIN
689	BEANS	FAMOXADONE
690	BEANS	DIMETHOATE
691	BEANS	LAMBDA-CYHALOTHRIN
692	BEANS	ETHALFLURALIN
693	BEANS	FENPROPATHRIN
694	BEANS	DIAZINON
695	BEANS	STREPTOMYCES LYDICUS
696	BEANS	BIFENTHRIN
697	BEANS	CHLOROTHALONIL
698	BEANS	BOSCALID
699	BEANS	METHOXYFENOZIDE
700	BEANS	SPIROTETRAMAT
701	BEANS	PENTHIOPYRAD
702	BEANS	FLUPYRADIFURONE
703	BEANS	POTASSIUM SALTS
704	BEANS	REYNOUTRIA SACHALINE
705	BEANS	THIOPHANATE-METHYL
706	BEANS	FLUDIOXONIL
707	BEANS	BIFENAZATE
708	BEANS	FLUOPICOLIDE
709	BEANS	FOMESAFEN SODIUM
710	BEANS	COPPER CHLORIDE HYD.
711	BEANS	NALED
712	BEANS	ZETA-CYPERMETHRIN
713	BEANS	PARAQUAT
714	BEANS	NOVALURON
715	CARROTS	SPINOSAD
716	CARROTS	POTASSIUM SILICATE
717	CARROTS	BACILLUS SUBTILIS
718	CARROTS	S-METOLACHLOR
719	CARROTS	CYFLUTHRIN
720	CARROTS	PYRETHRINS
721	CARROTS	METHOMYL
722	CARROTS	ZINC PHOSPHIDE
723	CARROTS	COPPER HYDROXIDE
724	CARROTS	FENAMIDONE
725	CARROTS	CYPRODINIL
726	CARROTS	MALATHION
727	CARROTS	OXAMYL
728	CARROTS	PAECILOMYCES LILACIN
729	CARROTS	AZOXYSTROBIN
730	CARROTS	CHLORANTRANILIPROLE
731	CARROTS	PROPICONAZOLE
732	CARROTS	PYRACLOSTROBIN
733	CARROTS	METAM-POTASSIUM
734	CARROTS	FLUAZIFOP-P-BUTYL
735	CARROTS	HYDROGEN PEROXIDE
736	CARROTS	METRIBUZIN
737	CARROTS	GLYPHOSATE ISO. SALT
738	CARROTS	CONIOTHYRIUM MINITAN
739	CARROTS	PIPERONYL BUTOXIDE
740	CARROTS	CARBARYL
741	CARROTS	ESFENVALERATE
742	CARROTS	DICHLOROPROPENE
743	CARROTS	GLYPHOSATE POT. SALT
744	CARROTS	BT KURSTAKI SA-11
745	CARROTS	THIAMETHOXAM
746	CARROTS	SETHOXYDIM
747	CARROTS	LINURON
748	CARROTS	TRIFLURALIN
749	CARROTS	BENSULIDE
750	CARROTS	EPTC
751	CARROTS	PENDIMETHALIN
752	CARROTS	IMIDACLOPRID
753	CARROTS	CARFENTRAZONE-ETHYL
754	CARROTS	BETA-CYFLUTHRIN
755	CARROTS	METAM-SODIUM
756	CARROTS	STRYCHNINE
757	CARROTS	MONO-POTASSIUM SALT
758	CARROTS	IPRODIONE
759	CARROTS	PROMETRYN
760	CARROTS	CYAZOFAMID
761	CARROTS	DIPHACINONE
762	CARROTS	CLETHODIM
763	CARROTS	FLONICAMID
764	CARROTS	SULFUR
765	CARROTS	MEFENOXAM
766	CARROTS	NEEM OIL, CLAR. HYD.
767	CARROTS	PERMETHRIN
768	CARROTS	FLUVALINATE
769	CARROTS	LAMBDA-CYHALOTHRIN
770	CARROTS	ETHALFLURALIN
771	CARROTS	DIAZINON
772	CARROTS	PEROXYACETIC ACID
773	CARROTS	STREPTOMYCES LYDICUS
774	CARROTS	BIFENTHRIN
775	CARROTS	CHLOROTHALONIL
776	CARROTS	BOSCALID
777	CARROTS	METHOXYFENOZIDE
778	CARROTS	PENTHIOPYRAD
779	CARROTS	BACILLUS AMYLOLIQUEFACIENS STRAIN D747
780	CARROTS	REYNOUTRIA SACHALINE
781	CARROTS	FLUDIOXONIL
782	CARROTS	FLUOPICOLIDE
783	CARROTS	COPPER CHLORIDE HYD.
784	CARROTS	ZETA-CYPERMETHRIN
785	CARROTS	COPPER OXIDE
786	CARROTS	BACILLUS PUMILUS
787	CARROTS	CHROMOBAC SUBTSUGAE PRAA4-1 CELLS AND SPENT MEDIA
788	SWEET CORN	SPINOSAD
789	SWEET CORN	QUINOLINE
790	SWEET CORN	NICOSULFURON
791	SWEET CORN	DICAMBA, SODIUM SALT
792	SWEET CORN	S-METOLACHLOR
793	SWEET CORN	CYPROCONAZOLE
794	SWEET CORN	SIMAZINE
795	SWEET CORN	CYFLUTHRIN
796	SWEET CORN	PROTHIOCONAZOLE
797	SWEET CORN	METSULFURON-METHYL
798	SWEET CORN	FLUBENDIAMIDE
799	SWEET CORN	PYRETHRINS
800	SWEET CORN	ATRAZINE
801	SWEET CORN	METHOMYL
802	SWEET CORN	COPPER HYDROXIDE
803	SWEET CORN	ACETAMIPRID
804	SWEET CORN	DIMETHENAMID-P
805	SWEET CORN	RIMSULFURON
806	SWEET CORN	MALATHION
807	SWEET CORN	2,4-D, DIMETH. SALT
808	SWEET CORN	AZADIRACHTIN
809	SWEET CORN	TEMBOTRIONE
810	SWEET CORN	BROMOXYNIL HEPTAN.
811	SWEET CORN	AZOXYSTROBIN
812	SWEET CORN	CHLORANTRANILIPROLE
813	SWEET CORN	BT KURSTAK ABTS-1857
814	SWEET CORN	BROMACIL
815	SWEET CORN	PROPICONAZOLE
816	SWEET CORN	PYRACLOSTROBIN
817	SWEET CORN	HYDROGEN PEROXIDE
818	SWEET CORN	TEBUPIRIMPHOS
819	SWEET CORN	MINERAL OIL
820	SWEET CORN	2,4-D, TRIISO. SALT
821	SWEET CORN	GLYPHOSATE ISO. SALT
822	SWEET CORN	CONIOTHYRIUM MINITAN
823	SWEET CORN	COPPER SULFATE
824	SWEET CORN	GLUFOSINATE-AMMONIUM
825	SWEET CORN	CARBARYL
826	SWEET CORN	ACETOCHLOR
827	SWEET CORN	ESFENVALERATE
828	SWEET CORN	DICHLOROPROPENE
829	SWEET CORN	GLYPHOSATE POT. SALT
830	SWEET CORN	CLOPYRALID
831	SWEET CORN	METOLACHLOR
832	SWEET CORN	BT KURSTAKI SA-11
833	SWEET CORN	DIMETHOMORPH
834	SWEET CORN	THIAMETHOXAM
835	SWEET CORN	LINURON
836	SWEET CORN	DICAMBA
837	SWEET CORN	THIFENSULFURON
838	SWEET CORN	HALOSULFURON-METHYL
839	SWEET CORN	HELICOVERPA ZEA NPV
840	SWEET CORN	THIENCARBAZONE-METHY
841	SWEET CORN	PRONAMIDE
842	SWEET CORN	THIODICARB
843	SWEET CORN	CYTOKININS
844	SWEET CORN	METHYL ANTHRANILATE
845	SWEET CORN	DIFENOCONAZOLE
846	SWEET CORN	PENDIMETHALIN
847	SWEET CORN	FLUFENACET
848	SWEET CORN	IMIDACLOPRID
849	SWEET CORN	CYFLUFENAMID
850	SWEET CORN	2,4-D, 2-EHE
851	SWEET CORN	CARFENTRAZONE-ETHYL
852	SWEET CORN	GLYPHOSATE DIM. SALT
853	SWEET CORN	BETA-CYFLUTHRIN
854	SWEET CORN	TRIFLOXYSTROBIN
855	SWEET CORN	CLOMAZONE
856	SWEET CORN	TOPRAMEZONE
857	SWEET CORN	METAM-SODIUM
858	SWEET CORN	MONO-POTASSIUM SALT
859	SWEET CORN	BT KURSTAKI ABTS-351
860	SWEET CORN	MESOTRIONE
861	SWEET CORN	IPRODIONE
862	SWEET CORN	BENTAZON
863	SWEET CORN	PROPARGITE
864	SWEET CORN	CYAZOFAMID
865	SWEET CORN	MANCOZEB
866	SWEET CORN	HEXYTHIAZOX
867	SWEET CORN	FENPYROXIMATE
868	SWEET CORN	TEBUCONAZOLE
869	SWEET CORN	FLUMETSULAM
870	SWEET CORN	OXYFLUORFEN
871	SWEET CORN	BT KURSTAKI EG7841
872	SWEET CORN	IMIDACLOPRID
873	SWEET CORN	BT KURSTAKI SA-12
874	SWEET CORN	PICOXYSTROBIN
875	SWEET CORN	BICYCLOPYRONE
876	SWEET CORN	CYMOXANIL
877	SWEET CORN	SULFUR
878	SWEET CORN	SPINETORAM
879	SWEET CORN	INDOLEBUTYRIC ACID
880	SWEET CORN	AMETOCTRADIN
881	SWEET CORN	NEEM OIL, CLAR. HYD.
882	SWEET CORN	PERMETHRIN
883	SWEET CORN	ALACHLOR
884	SWEET CORN	FLUXAPYROXAD
885	SWEET CORN	GLYPHOSATE
886	SWEET CORN	ABAMECTIN
887	SWEET CORN	INDOXACARB
888	SWEET CORN	FAMOXADONE
889	SWEET CORN	LAMBDA-CYHALOTHRIN
890	SWEET CORN	ETHALFLURALIN
891	SWEET CORN	TERBUFOS
892	SWEET CORN	BIFENTHRIN
893	SWEET CORN	CHLOROTHALONIL
894	SWEET CORN	OXYDEMETON-METHYL
895	SWEET CORN	BOSCALID
896	SWEET CORN	METHOXYFENOZIDE
897	SWEET CORN	PENTHIOPYRAD
898	SWEET CORN	BURKHOLDERIA A396 CELLS & MEDIA
899	SWEET CORN	FLUPYRADIFURONE
900	SWEET CORN	GAMMA-CYHALOTHRIN
901	SWEET CORN	GLYPHOSATE AMM. SALT
902	SWEET CORN	METCONAZOLE
903	SWEET CORN	THIOPHANATE-METHYL
904	SWEET CORN	SPIROMESIFEN
905	SWEET CORN	DELTAMETHRIN
906	SWEET CORN	CLOPYRALID MONO SALT
907	SWEET CORN	ETOXAZOLE
908	SWEET CORN	ZETA-CYPERMETHRIN
909	SWEET CORN	PARAQUAT
910	SWEET CORN	DICAMBA, DIMET. SALT
911	SWEET CORN	TEFLUTHRIN
912	SWEET CORN	CHLORPYRIFOS
913	SWEET CORN	BROMOXYNIL OCTANOATE
914	LETTUCE	SPINOSAD
915	LETTUCE	QUINOLINE
916	LETTUCE	BACILLUS SUBTILIS
917	LETTUCE	CYFLUTHRIN
918	LETTUCE	FLUBENDIAMIDE
919	LETTUCE	PYRETHRINS
920	LETTUCE	METHOMYL
921	LETTUCE	COPPER HYDROXIDE
922	LETTUCE	FENAMIDONE
923	LETTUCE	ACETAMIPRID
924	LETTUCE	CYPRODINIL
925	LETTUCE	MALATHION
926	LETTUCE	AZADIRACHTIN
927	LETTUCE	PAECILOMYCES LILACIN
928	LETTUCE	AZOXYSTROBIN
929	LETTUCE	DICLORAN
930	LETTUCE	CHLORANTRANILIPROLE
931	LETTUCE	BT KURSTAK ABTS-1857
932	LETTUCE	PYRACLOSTROBIN
933	LETTUCE	METAM-POTASSIUM
934	LETTUCE	HYDROGEN PEROXIDE
935	LETTUCE	MYCLOBUTANIL
936	LETTUCE	COPPER OCTANOATE
937	LETTUCE	TOLFENPYRAD
938	LETTUCE	FLUAZINAM
939	LETTUCE	ESFENVALERATE
940	LETTUCE	DICHLOROPROPENE
941	LETTUCE	GLYPHOSATE POT. SALT
942	LETTUCE	DINOTEFURAN
943	LETTUCE	CYPERMETHRIN
944	LETTUCE	ACEPHATE
945	LETTUCE	BT KURSTAKI SA-11
946	LETTUCE	DIMETHOMORPH
947	LETTUCE	THIAMETHOXAM
948	LETTUCE	SETHOXYDIM
949	LETTUCE	CLOTHIANIDIN
950	LETTUCE	MYROTHECIUM VERRUC.
951	LETTUCE	PRONAMIDE
952	LETTUCE	DIFENOCONAZOLE
953	LETTUCE	BENSULIDE
954	LETTUCE	TRIFLUMIZOLE
955	LETTUCE	FLUOPYRAM
956	LETTUCE	IMIDACLOPRID
957	LETTUCE	CARFENTRAZONE-ETHYL
958	LETTUCE	BETA-CYFLUTHRIN
959	LETTUCE	TRIFLOXYSTROBIN
960	LETTUCE	FOSETYL-AL
961	LETTUCE	PYMETROZINE
962	LETTUCE	MONO-POTASSIUM SALT
963	LETTUCE	BT KURSTAKI ABTS-351
964	LETTUCE	BACILLUS SUBTILIS AMYLOLIQUEFAC FZB24
965	LETTUCE	IPRODIONE
966	LETTUCE	CYROMAZINE
967	LETTUCE	PROMETRYN
968	LETTUCE	CYAZOFAMID
969	LETTUCE	MANCOZEB
970	LETTUCE	CLETHODIM
971	LETTUCE	BT SUB AIZAWAI GC-91
972	LETTUCE	OXYFLUORFEN
973	LETTUCE	SULFOXAFLOR
974	LETTUCE	FLONICAMID
975	LETTUCE	CYMOXANIL
976	LETTUCE	MEFENOXAM
977	LETTUCE	SULFUR
978	LETTUCE	SPINETORAM
979	LETTUCE	AMETOCTRADIN
980	LETTUCE	NEEM OIL, CLAR. HYD.
981	LETTUCE	ACIBENZOLAR-S-METHYL
982	LETTUCE	PERMETHRIN
983	LETTUCE	FLUXAPYROXAD
984	LETTUCE	ABAMECTIN
985	LETTUCE	INDOXACARB
986	LETTUCE	BUPROFEZIN
987	LETTUCE	FAMOXADONE
988	LETTUCE	LAMBDA-CYHALOTHRIN
989	LETTUCE	PROPAMOCARB HYDROCH.
990	LETTUCE	OXATHIAPIPROLIN
991	LETTUCE	EMAMECTIN BENZOATE
992	LETTUCE	PEROXYACETIC ACID
993	LETTUCE	STREPTOMYCES LYDICUS
994	LETTUCE	BIFENTHRIN
995	LETTUCE	OXYDEMETON-METHYL
996	LETTUCE	BOSCALID
997	LETTUCE	METHOXYFENOZIDE
998	LETTUCE	SPIROTETRAMAT
999	LETTUCE	PENTHIOPYRAD
1000	LETTUCE	CHENOPODIUM AMBROSIO
1001	LETTUCE	FLUPYRADIFURONE
1002	LETTUCE	BACILLUS AMYLOLIQUEFACIENS STRAIN D747
1003	LETTUCE	REYNOUTRIA SACHALINE
1004	LETTUCE	FLUDIOXONIL
1005	LETTUCE	FLUOPICOLIDE
1006	LETTUCE	MANDIPROPAMIDE TECHN
1007	LETTUCE	NEEM OIL
1008	LETTUCE	ZETA-CYPERMETHRIN
1009	LETTUCE	COPPER OXIDE
1010	LETTUCE	PARAQUAT
1011	LETTUCE	BACILLUS PUMILUS
1012	LETTUCE	BENEFIN
1013	LETTUCE	CYANTRANILIPROLE
1014	LETTUCE	CHROMOBAC SUBTSUGAE PRAA4-1 CELLS AND SPENT MEDIA
1015	PEPPERS	SPINOSAD
1016	PEPPERS	GIBBERELLIC ACID
1017	PEPPERS	CHLOROPICRIN
1018	PEPPERS	QUINOLINE
1019	PEPPERS	BACILLUS SUBTILIS
1020	PEPPERS	S-METOLACHLOR
1021	PEPPERS	CYFLUTHRIN
1022	PEPPERS	FLUBENDIAMIDE
1023	PEPPERS	PYRETHRINS
1024	PEPPERS	METHOMYL
1025	PEPPERS	COPPER HYDROXIDE
1026	PEPPERS	FENAMIDONE
1027	PEPPERS	ACETAMIPRID
1028	PEPPERS	LAMINARIN
1029	PEPPERS	CYPRODINIL
1030	PEPPERS	MALATHION
1031	PEPPERS	OXAMYL
1032	PEPPERS	AZADIRACHTIN
1033	PEPPERS	2,4-D, DIMETH. SALT
1034	PEPPERS	PAECILOMYCES LILACIN
1035	PEPPERS	AZOXYSTROBIN
1036	PEPPERS	POLYOXIN D ZINC SALT
1037	PEPPERS	CHLORANTRANILIPROLE
1038	PEPPERS	BT KURSTAK ABTS-1857
1039	PEPPERS	DICOFOL
1040	PEPPERS	PYRACLOSTROBIN
1041	PEPPERS	BASIC COPPER SULFATE
1042	PEPPERS	METAM-POTASSIUM
1043	PEPPERS	HYDROGEN PEROXIDE
1044	PEPPERS	MYCLOBUTANIL
1045	PEPPERS	MINERAL OIL
1046	PEPPERS	COPPER OCTANOATE
1047	PEPPERS	METRIBUZIN
1048	PEPPERS	PETROLEUM DISTILLATE
1049	PEPPERS	GLYPHOSATE ISO. SALT
1050	PEPPERS	COPPER SULFATE
1051	PEPPERS	CARBARYL
1052	PEPPERS	SPINETORAM-J
1053	PEPPERS	NAPROPAMIDE
1054	PEPPERS	ESFENVALERATE
1055	PEPPERS	GLYPHOSATE POT. SALT
1056	PEPPERS	DINOTEFURAN
1057	PEPPERS	DICHLOROPROPENE
1058	PEPPERS	FLUTRIAFOL
1059	PEPPERS	ACEPHATE
1060	PEPPERS	METRAFENONE
1061	PEPPERS	BT KURSTAKI SA-11
1062	PEPPERS	DIMETHOMORPH
1063	PEPPERS	THIAMETHOXAM
1064	PEPPERS	SETHOXYDIM
1065	PEPPERS	TRIFLURALIN
1066	PEPPERS	CLOTHIANIDIN
1067	PEPPERS	HALOSULFURON-METHYL
1068	PEPPERS	CYTOKININS
1069	PEPPERS	FLUTOLANIL
1070	PEPPERS	DIFENOCONAZOLE
1071	PEPPERS	ALUMINUM PHOSPHIDE
1072	PEPPERS	ALKYL. DIM. BENZ. AM
1073	PEPPERS	PYRAFLUFEN-ETHYL
1074	PEPPERS	BENSULIDE
1075	PEPPERS	PENDIMETHALIN
1076	PEPPERS	BIS(TRICHLOROMETHYL) SULFONE
1077	PEPPERS	FLUOPYRAM
1078	PEPPERS	PYRIPROXYFEN
1079	PEPPERS	IMIDACLOPRID
1080	PEPPERS	CRYOLITE
1081	PEPPERS	CARFENTRAZONE-ETHYL
1082	PEPPERS	2,4-D, 2-EHE
1083	PEPPERS	BETA-CYFLUTHRIN
1084	PEPPERS	METALAXYL
1085	PEPPERS	TRIFLOXYSTROBIN
1086	PEPPERS	CLOMAZONE
1087	PEPPERS	FLUMIOXAZIN
1088	PEPPERS	PYMETROZINE
1089	PEPPERS	TOPRAMEZONE
1090	PEPPERS	METAM-SODIUM
1091	PEPPERS	FENBUTATIN-OXIDE
1092	PEPPERS	STRYCHNINE
1093	PEPPERS	MONO-POTASSIUM SALT
1094	PEPPERS	BT KURSTAKI ABTS-351
1095	PEPPERS	TRIFORINE
1096	PEPPERS	IPRODIONE
1097	PEPPERS	MANEB
1098	PEPPERS	ENDOSULFAN
1099	PEPPERS	METHAMIDOPHOS
1100	PEPPERS	CYAZOFAMID
1101	PEPPERS	MANCOZEB
1102	PEPPERS	HEXYTHIAZOX
1103	PEPPERS	FENPYROXIMATE
1104	PEPPERS	CLETHODIM
1105	PEPPERS	DIPHACINONE
1106	PEPPERS	AGRIPHAGE
1107	PEPPERS	TEBUCONAZOLE
1108	PEPPERS	OXYFLUORFEN
1109	PEPPERS	KAOLIN
1110	PEPPERS	BT KURSTAKI SA-12
1111	PEPPERS	BENOMYL
1112	PEPPERS	FLONICAMID
1113	PEPPERS	CYMOXANIL
1114	PEPPERS	MEFENOXAM
1115	PEPPERS	SULFUR
1116	PEPPERS	DIFLUBENZURON
1117	PEPPERS	SPINETORAM
1118	PEPPERS	INDOLEBUTYRIC ACID
1119	PEPPERS	AMETOCTRADIN
1120	PEPPERS	NEEM OIL, CLAR. HYD.
1121	PEPPERS	XYLENE
1122	PEPPERS	ACIBENZOLAR-S-METHYL
1123	PEPPERS	PERMETHRIN
1124	PEPPERS	FLUXAPYROXAD
1125	PEPPERS	ABAMECTIN
1126	PEPPERS	INDOXACARB
1127	PEPPERS	BUPROFEZIN
1128	PEPPERS	FAMOXADONE
1129	PEPPERS	DIMETHOATE
1130	PEPPERS	LAMBDA-CYHALOTHRIN
1131	PEPPERS	STREPTOMYCIN SULFATE
1132	PEPPERS	BACTERIOPHAGE
1133	PEPPERS	ETHALFLURALIN
1134	PEPPERS	FENPROPATHRIN
1135	PEPPERS	MSMA
1136	PEPPERS	PROPAMOCARB HYDROCH.
1137	PEPPERS	OXATHIAPIPROLIN
1138	PEPPERS	EMAMECTIN BENZOATE
1139	PEPPERS	ACEQUINOCYL
1140	PEPPERS	DIAZINON
1141	PEPPERS	PEROXYACETIC ACID
1142	PEPPERS	STREPTOMYCES LYDICUS
1143	PEPPERS	BIFENTHRIN
1144	PEPPERS	CHLOROTHALONIL
1145	PEPPERS	BOSCALID
1146	PEPPERS	METHOXYFENOZIDE
1147	PEPPERS	SPIROTETRAMAT
1148	PEPPERS	PENTHIOPYRAD
1149	PEPPERS	CHENOPODIUM AMBROSIO
1150	PEPPERS	FLUPYRADIFURONE
1151	PEPPERS	POTASSIUM SALTS
1152	PEPPERS	BACILLUS AMYLOLIQUEFACIENS STRAIN D747
1153	PEPPERS	REYNOUTRIA SACHALINE
1154	PEPPERS	THIOPHANATE-METHYL
1155	PEPPERS	FLUDIOXONIL
1156	PEPPERS	BIFENAZATE
1157	PEPPERS	SPINETORAM-L
1158	PEPPERS	TRICHODERMA HARZ.
1159	PEPPERS	FLUOPICOLIDE
1160	PEPPERS	SPIROMESIFEN
1161	PEPPERS	FOMESAFEN SODIUM
1162	PEPPERS	MANDIPROPAMIDE TECHN
1163	PEPPERS	NEEM OIL
1164	PEPPERS	COPPER CHLORIDE HYD.
1165	PEPPERS	COPPER RESINATE
1166	PEPPERS	ZETA-CYPERMETHRIN
1167	PEPPERS	COPPER OXIDE
1168	PEPPERS	PARAQUAT
1169	PEPPERS	CYANTRANILIPROLE
1170	PEPPERS	CHROMOBAC SUBTSUGAE PRAA4-1 CELLS AND SPENT MEDIA
1171	PEPPERS	NOVALURON
1172	PEPPERS	CHLORPYRIFOS
1173	TOMATOES	SPINOSAD
1174	TOMATOES	GIBBERELLIC ACID
1175	TOMATOES	CHLOROPICRIN
1176	TOMATOES	QUINOLINE
1177	TOMATOES	BACILLUS SUBTILIS
1178	TOMATOES	S-METOLACHLOR
1179	TOMATOES	CYFLUTHRIN
1180	TOMATOES	FLUBENDIAMIDE
1181	TOMATOES	PYRETHRINS
1182	TOMATOES	METHOMYL
1183	TOMATOES	CYFLUMETOFEN
1184	TOMATOES	CAPTAN
1185	TOMATOES	ZIRAM
1186	TOMATOES	COPPER HYDROXIDE
1187	TOMATOES	ACETAMIPRID
1188	TOMATOES	DIMETHENAMID-P
1189	TOMATOES	LAMINARIN
1190	TOMATOES	CYPRODINIL
1191	TOMATOES	RIMSULFURON
1192	TOMATOES	MALATHION
1193	TOMATOES	OXAMYL
1194	TOMATOES	AZADIRACHTIN
1195	TOMATOES	2,4-D, DIMETH. SALT
1196	TOMATOES	AZOXYSTROBIN
1197	TOMATOES	CHLORANTRANILIPROLE
1198	TOMATOES	BT KURSTAK ABTS-1857
1199	TOMATOES	BRODIFACOUM
1200	TOMATOES	PROPICONAZOLE
1201	TOMATOES	BASIC COPPER SULFATE
1202	TOMATOES	PYRACLOSTROBIN
1203	TOMATOES	METAM-POTASSIUM
1204	TOMATOES	HYDROGEN PEROXIDE
1205	TOMATOES	MYCLOBUTANIL
1206	TOMATOES	MINERAL OIL
1207	TOMATOES	COPPER OCTANOATE
1208	TOMATOES	METRIBUZIN
1209	TOMATOES	GLYPHOSATE ISO. SALT
1210	TOMATOES	COPPER SULFATE
1211	TOMATOES	BACTERIOPHAGE ACT. VS PSUEDO. SYRINGAE PV. TOMATO
1212	TOMATOES	CARBARYL
1213	TOMATOES	GLUFOSINATE-AMMONIUM
1214	TOMATOES	SPINETORAM-J
1215	TOMATOES	NAPROPAMIDE
1216	TOMATOES	ESFENVALERATE
1217	TOMATOES	GLYPHOSATE POT. SALT
1218	TOMATOES	DINOTEFURAN
1219	TOMATOES	DICHLOROPROPENE
1220	TOMATOES	ACEPHATE
1221	TOMATOES	IMAZOSULFURON
1222	TOMATOES	METOLACHLOR
1223	TOMATOES	BT KURSTAKI SA-11
1224	TOMATOES	DIMETHOMORPH
1225	TOMATOES	DCPA
1226	TOMATOES	THIAMETHOXAM
1227	TOMATOES	SETHOXYDIM
1228	TOMATOES	NOSEMA LOCUSTAE
1229	TOMATOES	TRIFLURALIN
1230	TOMATOES	CLOTHIANIDIN
1231	TOMATOES	HALOSULFURON-METHYL
1232	TOMATOES	ETHEPHON
1233	TOMATOES	CYTOKININS
1234	TOMATOES	PYRIMETHANIL
1235	TOMATOES	FENAMIPHOS
1236	TOMATOES	DIFENOCONAZOLE
1237	TOMATOES	ALKYL. DIM. BENZ. AM
1238	TOMATOES	BENSULIDE
1239	TOMATOES	PENDIMETHALIN
1240	TOMATOES	BIS(TRICHLOROMETHYL) SULFONE
1241	TOMATOES	PYRIPROXYFEN
1242	TOMATOES	POTASSIUM BICARBON.
1243	TOMATOES	GLIOCLADIUM VIRENS
1244	TOMATOES	IMIDACLOPRID
1245	TOMATOES	CARFENTRAZONE-ETHYL
1246	TOMATOES	BETA-CYFLUTHRIN
1247	TOMATOES	TRIFLOXYSTROBIN
1248	TOMATOES	CLOMAZONE
1249	TOMATOES	FLUMIOXAZIN
1250	TOMATOES	SULFENTRAZONE
1251	TOMATOES	PYMETROZINE
1252	TOMATOES	TOPRAMEZONE
1253	TOMATOES	METAM-SODIUM
1254	TOMATOES	MONO-POTASSIUM SALT
1255	TOMATOES	BT KURSTAKI ABTS-351
1256	TOMATOES	CYROMAZINE
1257	TOMATOES	MANEB
1258	TOMATOES	ENDOSULFAN
1259	TOMATOES	METHAMIDOPHOS
1260	TOMATOES	CYAZOFAMID
1261	TOMATOES	BORAX DECAHYDRATE
1262	TOMATOES	MANCOZEB
1263	TOMATOES	FENPYROXIMATE
1264	TOMATOES	CLETHODIM
1265	TOMATOES	AGRIPHAGE
1266	TOMATOES	OXYFLUORFEN
1267	TOMATOES	BT KURSTAKI EG7841
1268	TOMATOES	KAOLIN
1269	TOMATOES	BENZOVINDIFLUPYR
1270	TOMATOES	FLONICAMID
1271	TOMATOES	CYMOXANIL
1272	TOMATOES	MEFENOXAM
1273	TOMATOES	SULFUR
1274	TOMATOES	SPINETORAM
1275	TOMATOES	INDOLEBUTYRIC ACID
1276	TOMATOES	AMETOCTRADIN
1277	TOMATOES	NEEM OIL, CLAR. HYD.
1278	TOMATOES	ACIBENZOLAR-S-METHYL
1279	TOMATOES	PERMETHRIN
1280	TOMATOES	FLUXAPYROXAD
1281	TOMATOES	DIURON
1282	TOMATOES	ABAMECTIN
1283	TOMATOES	INDOXACARB
1284	TOMATOES	BUPROFEZIN
1285	TOMATOES	FAMOXADONE
1286	TOMATOES	DIMETHOATE
1287	TOMATOES	LAMBDA-CYHALOTHRIN
1288	TOMATOES	STREPTOMYCIN SULFATE
1289	TOMATOES	BACTERIOPHAGE
1290	TOMATOES	ETHALFLURALIN
1291	TOMATOES	FENPROPATHRIN
1292	TOMATOES	MSMA
1293	TOMATOES	PROPAMOCARB HYDROCH.
1294	TOMATOES	EMAMECTIN BENZOATE
1295	TOMATOES	DIAZINON
1296	TOMATOES	PEROXYACETIC ACID
1297	TOMATOES	STREPTOMYCES LYDICUS
1298	TOMATOES	BIFENTHRIN
1299	TOMATOES	CHLOROTHALONIL
1300	TOMATOES	AZINPHOS-METHYL
1301	TOMATOES	BOSCALID
1302	TOMATOES	METHOXYFENOZIDE
1303	TOMATOES	SPIROTETRAMAT
1304	TOMATOES	PENTHIOPYRAD
1305	TOMATOES	CHENOPODIUM AMBROSIO
1306	TOMATOES	BURKHOLDERIA A396 CELLS & MEDIA
1307	TOMATOES	FLUPYRADIFURONE
1308	TOMATOES	GAMMA-CYHALOTHRIN
1309	TOMATOES	POTASSIUM SALTS
1310	TOMATOES	BACILLUS AMYLOLIQUEFACIENS STRAIN D747
1311	TOMATOES	REYNOUTRIA SACHALINE
1312	TOMATOES	THIOPHANATE-METHYL
1313	TOMATOES	FLUDIOXONIL
1314	TOMATOES	BIFENAZATE
1315	TOMATOES	SPINETORAM-L
1316	TOMATOES	TRICHODERMA HARZ.
1317	TOMATOES	FLUOPICOLIDE
1318	TOMATOES	SPIROMESIFEN
1319	TOMATOES	FOMESAFEN SODIUM
1320	TOMATOES	MANDIPROPAMIDE TECHN
1321	TOMATOES	COPPER CHLORIDE HYD.
1322	TOMATOES	COPPER RESINATE
1323	TOMATOES	ZETA-CYPERMETHRIN
1324	TOMATOES	ETOXAZOLE
1325	TOMATOES	COPPER OXIDE
1326	TOMATOES	DIQUAT DIBROMIDE
1327	TOMATOES	PARAQUAT
1328	TOMATOES	BACILLUS PUMILUS
1329	TOMATOES	CYANTRANILIPROLE
1330	TOMATOES	CHROMOBAC SUBTSUGAE PRAA4-1 CELLS AND SPENT MEDIA
1331	TOMATOES	NOVALURON
1332	TOMATOES	CHLORPYRIFOS
1333	CABBAGE	SPINOSAD
1334	CABBAGE	BACILLUS SUBTILIS
1335	CABBAGE	S-METOLACHLOR
1336	CABBAGE	CYFLUTHRIN
1337	CABBAGE	FLUBENDIAMIDE
1338	CABBAGE	PYRETHRINS
1339	CABBAGE	HEXAZINONE
1340	CABBAGE	METHOMYL
1341	CABBAGE	CAPTAN
1342	CABBAGE	COPPER HYDROXIDE
1343	CABBAGE	FENAMIDONE
1344	CABBAGE	ACETAMIPRID
1345	CABBAGE	CYPRODINIL
1346	CABBAGE	MALATHION
1347	CABBAGE	2,4-D, DIMETH. SALT
1348	CABBAGE	AZADIRACHTIN
1349	CABBAGE	BROMOXYNIL HEPTAN.
1350	CABBAGE	AZOXYSTROBIN
1351	CABBAGE	CHLORANTRANILIPROLE
1352	CABBAGE	BT KURSTAK ABTS-1857
1353	CABBAGE	PYRACLOSTROBIN
1354	CABBAGE	METAM-POTASSIUM
1355	CABBAGE	FLUAZIFOP-P-BUTYL
1356	CABBAGE	HYDROGEN PEROXIDE
1357	CABBAGE	MINERAL OIL
1358	CABBAGE	COPPER OCTANOATE
1359	CABBAGE	GLYPHOSATE ISO. SALT
1360	CABBAGE	CONIOTHYRIUM MINITAN
1361	CABBAGE	PIPERONYL BUTOXIDE
1362	CABBAGE	CARBARYL
1363	CABBAGE	NAPROPAMIDE
1364	CABBAGE	ESFENVALERATE
1365	CABBAGE	GLYPHOSATE POT. SALT
1366	CABBAGE	DINOTEFURAN
1367	CABBAGE	CYPERMETHRIN
1368	CABBAGE	ACEPHATE
1369	CABBAGE	BACILLUS SUBT. GB03
1370	CABBAGE	METOLACHLOR
1371	CABBAGE	BT KURSTAKI SA-11
1372	CABBAGE	DIMETHOMORPH
1373	CABBAGE	DCPA
1374	CABBAGE	THIAMETHOXAM
1375	CABBAGE	SETHOXYDIM
1376	CABBAGE	TRIFLURALIN
1377	CABBAGE	CLOTHIANIDIN
1378	CABBAGE	MYROTHECIUM VERRUC.
1379	CABBAGE	THIODICARB
1380	CABBAGE	DIFENOCONAZOLE
1381	CABBAGE	BENSULIDE
1382	CABBAGE	EPTC
1383	CABBAGE	TRIFLUMIZOLE
1384	CABBAGE	PENDIMETHALIN
1385	CABBAGE	FLUOPYRAM
1386	CABBAGE	PYRIPROXYFEN
1387	CABBAGE	POTASSIUM BICARBON.
1388	CABBAGE	IMIDACLOPRID
1389	CABBAGE	BETA-CYFLUTHRIN
1390	CABBAGE	TRIFLOXYSTROBIN
1391	CABBAGE	CLOMAZONE
1392	CABBAGE	SULFENTRAZONE
1393	CABBAGE	PYMETROZINE
1394	CABBAGE	METAM-SODIUM
1395	CABBAGE	MONO-POTASSIUM SALT
1396	CABBAGE	BT KURSTAKI ABTS-351
1397	CABBAGE	CYAZOFAMID
1398	CABBAGE	MANCOZEB
1399	CABBAGE	CLETHODIM
1400	CABBAGE	BT SUB AIZAWAI GC-91
1401	CABBAGE	TEBUCONAZOLE
1402	CABBAGE	OXYFLUORFEN
1403	CABBAGE	SULFOXAFLOR
1404	CABBAGE	BT KURSTAKI SA-12
1405	CABBAGE	FLONICAMID
1406	CABBAGE	SULFUR
1407	CABBAGE	MEFENOXAM
1408	CABBAGE	SPINETORAM
1409	CABBAGE	AMETOCTRADIN
1410	CABBAGE	NEEM OIL, CLAR. HYD.
1411	CABBAGE	ACIBENZOLAR-S-METHYL
1412	CABBAGE	PERMETHRIN
1413	CABBAGE	INDOXACARB
1414	CABBAGE	BUPROFEZIN
1415	CABBAGE	LAMBDA-CYHALOTHRIN
1416	CABBAGE	ETHALFLURALIN
1417	CABBAGE	EMAMECTIN BENZOATE
1418	CABBAGE	DIAZINON
1419	CABBAGE	PEROXYACETIC ACID
1420	CABBAGE	STREPTOMYCES LYDICUS
1421	CABBAGE	BIFENTHRIN
1422	CABBAGE	CHLOROTHALONIL
1423	CABBAGE	BOSCALID
1424	CABBAGE	METHOXYFENOZIDE
1425	CABBAGE	SPIROTETRAMAT
1426	CABBAGE	PENTHIOPYRAD
1427	CABBAGE	FLUPYRADIFURONE
1428	CABBAGE	GAMMA-CYHALOTHRIN
1429	CABBAGE	POTASSIUM SALTS
1430	CABBAGE	BACILLUS AMYLOLIQUEFACIENS STRAIN D747
1431	CABBAGE	REYNOUTRIA SACHALINE
1432	CABBAGE	THIOPHANATE-METHYL
1433	CABBAGE	FLUDIOXONIL
1434	CABBAGE	FLUOPICOLIDE
1435	CABBAGE	SPIROMESIFEN
1436	CABBAGE	MANDIPROPAMIDE TECHN
1437	CABBAGE	NEEM OIL
1438	CABBAGE	NALED
1439	CABBAGE	CLOPYRALID MONO SALT
1440	CABBAGE	ZETA-CYPERMETHRIN
1441	CABBAGE	DIQUAT DIBROMIDE
1442	CABBAGE	PARAQUAT
1443	CABBAGE	DICAMBA, DIMET. SALT
1444	CABBAGE	CYANTRANILIPROLE
1445	CABBAGE	NOVALURON
1446	CABBAGE	CHLORPYRIFOS
1447	CABBAGE	BROMOXYNIL OCTANOATE
1448	SQUASH	SPINOSAD
1449	SQUASH	GIBBERELLIC ACID
1450	SQUASH	QUINOLINE
1451	SQUASH	METHYL PARATHION
1452	SQUASH	BACILLUS SUBTILIS
1453	SQUASH	SIMAZINE
1454	SQUASH	S-METOLACHLOR
1455	SQUASH	CYFLUTHRIN
1456	SQUASH	PROTHIOCONAZOLE
1457	SQUASH	BEAUVERIA BASSIANA
1458	SQUASH	METSULFURON-METHYL
1459	SQUASH	FLUBENDIAMIDE
1460	SQUASH	PYRETHRINS
1461	SQUASH	ATRAZINE
1462	SQUASH	METHOMYL
1463	SQUASH	CAPTAN
1464	SQUASH	ZIRAM
1465	SQUASH	COPPER HYDROXIDE
1466	SQUASH	FENAMIDONE
1467	SQUASH	ACETAMIPRID
1468	SQUASH	DIMETHENAMID-P
1469	SQUASH	CYPRODINIL
1470	SQUASH	MALATHION
1471	SQUASH	2,4-D, DIMETH. SALT
1472	SQUASH	AZADIRACHTIN
1473	SQUASH	OXAMYL
1474	SQUASH	PAECILOMYCES LILACIN
1475	SQUASH	METALDEHYDE
1476	SQUASH	AZOXYSTROBIN
1477	SQUASH	POLYOXIN D ZINC SALT
1478	SQUASH	CHLORANTRANILIPROLE
1479	SQUASH	ZOXAMIDE
1480	SQUASH	BT KURSTAK ABTS-1857
1481	SQUASH	PYRACLOSTROBIN
1482	SQUASH	BASIC COPPER SULFATE
1483	SQUASH	PROPICONAZOLE
1484	SQUASH	METAM-POTASSIUM
1485	SQUASH	HYDROGEN PEROXIDE
1486	SQUASH	FLUAZIFOP-P-BUTYL
1487	SQUASH	MYCLOBUTANIL
1488	SQUASH	MINERAL OIL
1489	SQUASH	COPPER OCTANOATE
1490	SQUASH	METRIBUZIN
1491	SQUASH	PETROLEUM DISTILLATE
1492	SQUASH	GLYPHOSATE ISO. SALT
1493	SQUASH	COPPER SULFATE
1494	SQUASH	PIPERONYL BUTOXIDE
1495	SQUASH	CARBARYL
1496	SQUASH	SPINETORAM-J
1497	SQUASH	ORYZALIN
1498	SQUASH	NAPROPAMIDE
1499	SQUASH	ESFENVALERATE
1500	SQUASH	GLYPHOSATE POT. SALT
1501	SQUASH	DINOTEFURAN
1502	SQUASH	DICHLOROPROPENE
1503	SQUASH	METRAFENONE
1504	SQUASH	ACEPHATE
1505	SQUASH	METOLACHLOR
1506	SQUASH	BACILLUS SUBT. GB03
1507	SQUASH	BT KURSTAKI SA-11
1508	SQUASH	DIMETHOMORPH
1509	SQUASH	THIAMETHOXAM
1510	SQUASH	SETHOXYDIM
1511	SQUASH	NOSEMA LOCUSTAE
1512	SQUASH	THIFENSULFURON
1513	SQUASH	TRIFLURALIN
1514	SQUASH	CLOTHIANIDIN
1515	SQUASH	HALOSULFURON-METHYL
1516	SQUASH	ETHEPHON
1517	SQUASH	CYTOKININS
1518	SQUASH	FENAMIPHOS
1519	SQUASH	FLUTOLANIL
1520	SQUASH	DIFENOCONAZOLE
1521	SQUASH	ALUMINUM PHOSPHIDE
1522	SQUASH	CYANAZINE
1523	SQUASH	BENSULIDE
1524	SQUASH	EPTC
1525	SQUASH	TRIFLUMIZOLE
1526	SQUASH	PCNB
1527	SQUASH	PENDIMETHALIN
1528	SQUASH	ETRIDIAZOLE
1529	SQUASH	FLUOPYRAM
1530	SQUASH	PYRIPROXYFEN
1531	SQUASH	POTASSIUM BICARBON.
1532	SQUASH	IMIDACLOPRID
1533	SQUASH	CYFLUFENAMID
1534	SQUASH	CARFENTRAZONE-ETHYL
1535	SQUASH	BETA-CYFLUTHRIN
1536	SQUASH	QUIZALOFOP-P-ETHYL
1537	SQUASH	DICLOFOP-METHYL
1538	SQUASH	TRIFLOXYSTROBIN
1539	SQUASH	SODIUM CHLORATE
1540	SQUASH	CLOMAZONE
1541	SQUASH	FLUMIOXAZIN
1542	SQUASH	PYMETROZINE
1543	SQUASH	TOPRAMEZONE
1544	SQUASH	METAM-SODIUM
1545	SQUASH	FENBUTATIN-OXIDE
1546	SQUASH	MONO-POTASSIUM SALT
1547	SQUASH	BT KURSTAKI ABTS-351
1548	SQUASH	ETHYL PARATHION
1549	SQUASH	TRIFORINE
1550	SQUASH	IPRODIONE
1551	SQUASH	ENDOSULFAN
1552	SQUASH	CYAZOFAMID
1553	SQUASH	MANCOZEB
1554	SQUASH	PHOSPHOROUS ACID
1555	SQUASH	CLETHODIM
1556	SQUASH	TEBUCONAZOLE
1557	SQUASH	DISULFOTON
1558	SQUASH	CUBE RESINS, OTHER
1559	SQUASH	OXYFLUORFEN
1560	SQUASH	KAOLIN
1561	SQUASH	BENZOVINDIFLUPYR
1562	SQUASH	FLONICAMID
1563	SQUASH	CYMOXANIL
1564	SQUASH	MEFENOXAM
1565	SQUASH	SULFUR
1566	SQUASH	SILICON DIOXIDE
1567	SQUASH	SPINETORAM
1568	SQUASH	XYLENE
1569	SQUASH	AMETOCTRADIN
1570	SQUASH	NEEM OIL, CLAR. HYD.
1571	SQUASH	PERMETHRIN
1572	SQUASH	LINDANE
1573	SQUASH	FLUXAPYROXAD
1574	SQUASH	GLYPHOSATE
1575	SQUASH	ABAMECTIN
1576	SQUASH	INDOXACARB
1577	SQUASH	BUPROFEZIN
1578	SQUASH	FAMOXADONE
1579	SQUASH	DIMETHOATE
1580	SQUASH	LAMBDA-CYHALOTHRIN
1581	SQUASH	STREPTOMYCIN SULFATE
1582	SQUASH	ETHALFLURALIN
1583	SQUASH	FENPROPATHRIN
1584	SQUASH	MSMA
1585	SQUASH	PROPAMOCARB HYDROCH.
1586	SQUASH	OXATHIAPIPROLIN
1587	SQUASH	ROTENONE
1588	SQUASH	DIAZINON
1589	SQUASH	PEROXYACETIC ACID
1590	SQUASH	STREPTOMYCES LYDICUS
1591	SQUASH	BIFENTHRIN
1592	SQUASH	CHLOROTHALONIL
1593	SQUASH	FENARIMOL
1594	SQUASH	BOSCALID
1595	SQUASH	METHOXYFENOZIDE
1596	SQUASH	SPIROTETRAMAT
1597	SQUASH	PENTHIOPYRAD
1598	SQUASH	BURKHOLDERIA A396 CELLS & MEDIA
1599	SQUASH	CHENOPODIUM AMBROSIO
1600	SQUASH	FLUPYRADIFURONE
1601	SQUASH	GAMMA-CYHALOTHRIN
1602	SQUASH	GLYPHOSATE AMM. SALT
1603	SQUASH	POTASSIUM SALTS
1604	SQUASH	BACILLUS AMYLOLIQUEFACIENS STRAIN D747
1605	SQUASH	REYNOUTRIA SACHALINE
1606	SQUASH	THIOPHANATE-METHYL
1607	SQUASH	FLUDIOXONIL
1608	SQUASH	SPINETORAM-L
1609	SQUASH	TRICHODERMA HARZ.
1610	SQUASH	FLUOPICOLIDE
1611	SQUASH	SPIROMESIFEN
1612	SQUASH	FOMESAFEN SODIUM
1613	SQUASH	MANDIPROPAMIDE TECHN
1614	SQUASH	NEEM OIL
1615	SQUASH	COPPER CHLORIDE HYD.
1616	SQUASH	COPPER RESINATE
1617	SQUASH	ZETA-CYPERMETHRIN
1618	SQUASH	COPPER OXIDE
1619	SQUASH	PARAQUAT
1620	SQUASH	CHROMOBAC SUBTSUGAE PRAA4-1 CELLS AND SPENT MEDIA
1621	SQUASH	NOVALURON
1622	SQUASH	CHLORPYRIFOS
1623	MELONS	SPINOSAD
1624	MELONS	QUINOLINE
1625	MELONS	ABAMECTIN
1626	MELONS	GLYPHOSATE ISO. SALT
1627	MELONS	BACILLUS SUBTILIS
1628	MELONS	DIMETHOATE
1629	MELONS	LAMBDA-CYHALOTHRIN
1630	MELONS	ETHALFLURALIN
1631	MELONS	CARBARYL
1632	MELONS	BT KURSTAKI ABTS-351
1633	MELONS	CYFLUTHRIN
1634	MELONS	ESFENVALERATE
1635	MELONS	GLYPHOSATE POT. SALT
1636	MELONS	DINOTEFURAN
1637	MELONS	FLUBENDIAMIDE
1638	MELONS	BT KURSTAKI SA-11
1639	MELONS	DIAZINON
1640	MELONS	SETHOXYDIM
1641	MELONS	THIAMETHOXAM
1642	MELONS	METHOMYL
1643	MELONS	TRIFLURALIN
1644	MELONS	BIFENTHRIN
1645	MELONS	CLOTHIANIDIN
1646	MELONS	HALOSULFURON-METHYL
1647	MELONS	CHLOROTHALONIL
1648	MELONS	ACETAMIPRID
1649	MELONS	BOSCALID
1650	MELONS	METHOXYFENOZIDE
1651	MELONS	CLETHODIM
1652	MELONS	FLUPYRADIFURONE
1653	MELONS	DIFENOCONAZOLE
1654	MELONS	BENSULIDE
1655	MELONS	TRIFLUMIZOLE
1656	MELONS	FLUOPYRAM
1657	MELONS	AZOXYSTROBIN
1658	MELONS	KAOLIN
1659	MELONS	SPIROMESIFEN
1660	MELONS	FLONICAMID
1661	MELONS	CHLORANTRANILIPROLE
1662	MELONS	SULFUR
1663	MELONS	CYFLUFENAMID
1664	MELONS	MEFENOXAM
1665	MELONS	CARFENTRAZONE-ETHYL
1666	MELONS	IMIDACLOPRID
1667	MELONS	PYRACLOSTROBIN
1668	MELONS	SPINETORAM
1669	MELONS	ZETA-CYPERMETHRIN
1670	MELONS	METAM-POTASSIUM
1671	MELONS	PERMETHRIN
1672	MELONS	MYCLOBUTANIL
1673	MELONS	TRIFLOXYSTROBIN
1674	RASPBERRIES	SPINOSAD
1675	RASPBERRIES	NORFLURAZON
1676	RASPBERRIES	FLUMIOXAZIN
1677	RASPBERRIES	GLYPHOSATE ISO. SALT
1678	RASPBERRIES	SULFENTRAZONE
1679	RASPBERRIES	FAMOXADONE
1680	RASPBERRIES	GLUFOSINATE-AMMONIUM
1681	RASPBERRIES	SIMAZINE
1682	RASPBERRIES	MONO-POTASSIUM SALT
1683	RASPBERRIES	S-METOLACHLOR
1684	RASPBERRIES	BT KURSTAKI ABTS-351
1685	RASPBERRIES	CARBARYL
1686	RASPBERRIES	FENPROPATHRIN
1687	RASPBERRIES	MESOTRIONE
1688	RASPBERRIES	NAPROPAMIDE
1689	RASPBERRIES	ORYZALIN
1690	RASPBERRIES	ESFENVALERATE
1691	RASPBERRIES	IPRODIONE
1692	RASPBERRIES	IMIDACLOPRID
1693	RASPBERRIES	PYRETHRINS
1694	RASPBERRIES	FENBUCONAZOLE
1695	RASPBERRIES	FENHEXAMID
1696	RASPBERRIES	BT KURSTAKI SA-11
1697	RASPBERRIES	DIAZINON
1698	RASPBERRIES	THIAMETHOXAM
1699	RASPBERRIES	BIFENTHRIN
1700	RASPBERRIES	ZINC PHOSPHIDE
1701	RASPBERRIES	CAPTAN
1702	RASPBERRIES	CHLOROTHALONIL
1703	RASPBERRIES	COPPER HYDROXIDE
1704	RASPBERRIES	ACETAMIPRID
1705	RASPBERRIES	BOSCALID
1706	RASPBERRIES	CLETHODIM
1707	RASPBERRIES	CYPRODINIL
1708	RASPBERRIES	RIMSULFURON
1709	RASPBERRIES	CYTOKININS
1710	RASPBERRIES	MALATHION
1711	RASPBERRIES	2,4-D, DIMETH. SALT
1712	RASPBERRIES	SPINETORAM
1713	RASPBERRIES	CUPRAMMONIUM ACETATE
1714	RASPBERRIES	DICHLOBENIL
1715	RASPBERRIES	METCONAZOLE
1716	RASPBERRIES	OXYFLUORFEN
1717	RASPBERRIES	FLUDIOXONIL
1718	RASPBERRIES	BIFENAZATE
1719	RASPBERRIES	SPINETORAM-L
1720	RASPBERRIES	ISOXABEN
1721	RASPBERRIES	AZOXYSTROBIN
1722	RASPBERRIES	POLYOXIN D ZINC SALT
1723	RASPBERRIES	FOMESAFEN SODIUM
1724	RASPBERRIES	COPPER CHLORIDE HYD.
1725	RASPBERRIES	CYMOXANIL
1726	RASPBERRIES	MEFENOXAM
1727	RASPBERRIES	SULFUR
1728	RASPBERRIES	CALCIUM POLYSULFIDE
1729	RASPBERRIES	PROPICONAZOLE
1730	RASPBERRIES	BASIC COPPER SULFATE
1731	RASPBERRIES	PYRACLOSTROBIN
1732	RASPBERRIES	CARFENTRAZONE-ETHYL
1733	RASPBERRIES	PARAQUAT
1734	RASPBERRIES	ETOXAZOLE
1735	RASPBERRIES	ZETA-CYPERMETHRIN
1736	RASPBERRIES	MYCLOBUTANIL
1737	RASPBERRIES	MINERAL OIL
1738	RASPBERRIES	DIURON
1739	STRAWBERRIES	SPINOSAD
1740	STRAWBERRIES	CHLOROPICRIN
1741	STRAWBERRIES	QUINOLINE
1742	STRAWBERRIES	BACILLUS SUBTILIS
1743	STRAWBERRIES	SIMAZINE
1744	STRAWBERRIES	AUREOBASIDIUM PULLULANS DSM 14940
1745	STRAWBERRIES	FLUBENDIAMIDE
1746	STRAWBERRIES	PYRETHRINS
1747	STRAWBERRIES	CAPTAN
1748	STRAWBERRIES	COPPER HYDROXIDE
1749	STRAWBERRIES	ACETAMIPRID
1750	STRAWBERRIES	CAPRYLIC ACID
1751	STRAWBERRIES	CYPRODINIL
1752	STRAWBERRIES	MALATHION
1753	STRAWBERRIES	AZADIRACHTIN
1754	STRAWBERRIES	TETRACONAZOLE
1755	STRAWBERRIES	METALDEHYDE
1756	STRAWBERRIES	AZOXYSTROBIN
1757	STRAWBERRIES	BLAD
1758	STRAWBERRIES	POLYOXIN D ZINC SALT
1759	STRAWBERRIES	MUSTARD OIL
1760	STRAWBERRIES	CHLORANTRANILIPROLE
1761	STRAWBERRIES	BT KURSTAK ABTS-1857
1762	STRAWBERRIES	PROPICONAZOLE
1763	STRAWBERRIES	PYRACLOSTROBIN
1764	STRAWBERRIES	METAM-POTASSIUM
1765	STRAWBERRIES	HYDROGEN PEROXIDE
1766	STRAWBERRIES	MYCLOBUTANIL
1767	STRAWBERRIES	MINERAL OIL
1768	STRAWBERRIES	TERBACIL
1769	STRAWBERRIES	GLYPHOSATE ISO. SALT
1770	STRAWBERRIES	PIPERONYL BUTOXIDE
1771	STRAWBERRIES	CARBARYL
1772	STRAWBERRIES	NAPROPAMIDE
1773	STRAWBERRIES	DICHLOROPROPENE
1774	STRAWBERRIES	FLUTRIAFOL
1775	STRAWBERRIES	IRON PHOSPHATE
1776	STRAWBERRIES	BT KURSTAKI SA-11
1777	STRAWBERRIES	THIAMETHOXAM
1778	STRAWBERRIES	HALOSULFURON-METHYL
1779	STRAWBERRIES	HELICOVERPA ZEA NPV
1780	STRAWBERRIES	PYRIMETHANIL
1781	STRAWBERRIES	DIFENOCONAZOLE
1782	STRAWBERRIES	METHYL BROMIDE
1783	STRAWBERRIES	TRIFLUMIZOLE
1784	STRAWBERRIES	PENDIMETHALIN
1785	STRAWBERRIES	FLUOPYRAM
1786	STRAWBERRIES	PYRIPROXYFEN
1787	STRAWBERRIES	POTASSIUM BICARBON.
1788	STRAWBERRIES	GLIOCLADIUM VIRENS
1789	STRAWBERRIES	IMIDACLOPRID
1790	STRAWBERRIES	CYFLUFENAMID
1791	STRAWBERRIES	TRIFLOXYSTROBIN
1792	STRAWBERRIES	CLOMAZONE
1793	STRAWBERRIES	FOSETYL-AL
1794	STRAWBERRIES	FLUMIOXAZIN
1795	STRAWBERRIES	SULFENTRAZONE
1796	STRAWBERRIES	METAM-SODIUM
1797	STRAWBERRIES	MONO-POTASSIUM SALT
1798	STRAWBERRIES	BT KURSTAKI ABTS-351
1799	STRAWBERRIES	CAPRIC ACID
1800	STRAWBERRIES	ISOFETAMID
1801	STRAWBERRIES	IPRODIONE
1802	STRAWBERRIES	ENDOSULFAN
1803	STRAWBERRIES	AMMONIUM PELARGONATE
1804	STRAWBERRIES	CYAZOFAMID
1805	STRAWBERRIES	BORAX DECAHYDRATE
1806	STRAWBERRIES	MANCOZEB
1807	STRAWBERRIES	HEXYTHIAZOX
1808	STRAWBERRIES	FENPYROXIMATE
1809	STRAWBERRIES	CLETHODIM
1810	STRAWBERRIES	BT SUB AIZAWAI GC-91
1811	STRAWBERRIES	HARPIN A B PROTEIN
1812	STRAWBERRIES	AUREOBASIDIUM PULLULANS DSM 14941
1813	STRAWBERRIES	OXYFLUORFEN
1814	STRAWBERRIES	SULFOXAFLOR
1815	STRAWBERRIES	FLONICAMID
1816	STRAWBERRIES	SULFUR
1817	STRAWBERRIES	MEFENOXAM
1818	STRAWBERRIES	SPINETORAM
1819	STRAWBERRIES	NEEM OIL, CLAR. HYD.
1820	STRAWBERRIES	ACIBENZOLAR-S-METHYL
1821	STRAWBERRIES	FLUXAPYROXAD
1822	STRAWBERRIES	ABAMECTIN
1823	STRAWBERRIES	FENPROPATHRIN
1824	STRAWBERRIES	FERRIC SODIUM EDTA
1825	STRAWBERRIES	FENHEXAMID
1826	STRAWBERRIES	ACEQUINOCYL
1827	STRAWBERRIES	DIAZINON
1828	STRAWBERRIES	PEROXYACETIC ACID
1829	STRAWBERRIES	STREPTOMYCES LYDICUS
1830	STRAWBERRIES	BIFENTHRIN
1831	STRAWBERRIES	THIRAM
1832	STRAWBERRIES	CHLOROTHALONIL
1833	STRAWBERRIES	BOSCALID
1834	STRAWBERRIES	METHOXYFENOZIDE
1835	STRAWBERRIES	PENTHIOPYRAD
1836	STRAWBERRIES	BURKHOLDERIA A396 CELLS & MEDIA
1837	STRAWBERRIES	FLUPYRADIFURONE
1838	STRAWBERRIES	POTASSIUM SALTS
1839	STRAWBERRIES	BACILLUS AMYLOLIQUEFACIENS STRAIN D747
1840	STRAWBERRIES	REYNOUTRIA SACHALINE
1841	STRAWBERRIES	THIOPHANATE-METHYL
1842	STRAWBERRIES	FLUDIOXONIL
1843	STRAWBERRIES	BIFENAZATE
1844	STRAWBERRIES	CAPSAICIN
1845	STRAWBERRIES	PAECILOMYCES FUMOSOR
1846	STRAWBERRIES	SPIROMESIFEN
1847	STRAWBERRIES	NEEM OIL
1848	STRAWBERRIES	NALED
1849	STRAWBERRIES	CLOPYRALID MONO SALT
1850	STRAWBERRIES	ETOXAZOLE
1851	STRAWBERRIES	ZETA-CYPERMETHRIN
1852	STRAWBERRIES	COPPER OXIDE
1853	STRAWBERRIES	PARAQUAT
1854	STRAWBERRIES	BACILLUS PUMILUS
1855	STRAWBERRIES	CHROMOBAC SUBTSUGAE PRAA4-1 CELLS AND SPENT MEDIA
1856	STRAWBERRIES	NOVALURON
1857	STRAWBERRIES	CHLORPYRIFOS
1858	SPINACH	SPINOSAD
1859	SPINACH	BACILLUS SUBTILIS
1860	SPINACH	S-METOLACHLOR
1861	SPINACH	CYFLUTHRIN
1862	SPINACH	FLUBENDIAMIDE
1863	SPINACH	PYRETHRINS
1864	SPINACH	METHOMYL
1865	SPINACH	COPPER HYDROXIDE
1866	SPINACH	FENAMIDONE
1867	SPINACH	ACETAMIPRID
1868	SPINACH	CYPRODINIL
1869	SPINACH	MALATHION
1870	SPINACH	BUTYLATE
1871	SPINACH	AZADIRACHTIN
1872	SPINACH	AZOXYSTROBIN
1873	SPINACH	CHLORANTRANILIPROLE
1874	SPINACH	BT KURSTAK ABTS-1857
1875	SPINACH	PYRACLOSTROBIN
1876	SPINACH	METAM-POTASSIUM
1877	SPINACH	HYDROGEN PEROXIDE
1878	SPINACH	COPPER OCTANOATE
1879	SPINACH	CONIOTHYRIUM MINITAN
1880	SPINACH	PIPERONYL BUTOXIDE
1881	SPINACH	CYPERMETHRIN
1882	SPINACH	DIMETHOMORPH
1883	SPINACH	THIAMETHOXAM
1884	SPINACH	CLOTHIANIDIN
1885	SPINACH	MYROTHECIUM VERRUC.
1886	SPINACH	PRONAMIDE
1887	SPINACH	DIFENOCONAZOLE
1888	SPINACH	PYRAFLUFEN-ETHYL
1889	SPINACH	BENSULIDE
1890	SPINACH	POTASSIUM BICARBON.
1891	SPINACH	GLIOCLADIUM VIRENS
1892	SPINACH	IMIDACLOPRID
1893	SPINACH	CARFENTRAZONE-ETHYL
1894	SPINACH	BETA-CYFLUTHRIN
1895	SPINACH	FOSETYL-AL
1896	SPINACH	PYMETROZINE
1897	SPINACH	MONO-POTASSIUM SALT
1898	SPINACH	CYCLOATE
1899	SPINACH	BT KURSTAKI ABTS-351
1900	SPINACH	BACILLUS SUBTILIS AMYLOLIQUEFAC FZB24
1901	SPINACH	CYROMAZINE
1902	SPINACH	CYAZOFAMID
1903	SPINACH	MANCOZEB
1904	SPINACH	CLETHODIM
1905	SPINACH	SULFOXAFLOR
1906	SPINACH	FLONICAMID
1907	SPINACH	CYMOXANIL
1908	SPINACH	MEFENOXAM
1909	SPINACH	SULFUR
1910	SPINACH	SPINETORAM
1911	SPINACH	AMETOCTRADIN
1912	SPINACH	NEEM OIL, CLAR. HYD.
1913	SPINACH	ACIBENZOLAR-S-METHYL
1914	SPINACH	PERMETHRIN
1915	SPINACH	ABAMECTIN
1916	SPINACH	FAMOXADONE
1917	SPINACH	OXATHIAPIPROLIN
1918	SPINACH	DIAZINON
1919	SPINACH	PEROXYACETIC ACID
1920	SPINACH	BIFENTHRIN
1921	SPINACH	PHENMEDIPHAM
1922	SPINACH	CHLOROTHALONIL
1923	SPINACH	SPIROTETRAMAT
1924	SPINACH	METHOXYFENOZIDE
1925	SPINACH	PENTHIOPYRAD
1926	SPINACH	FLUPYRADIFURONE
1927	SPINACH	BACILLUS AMYLOLIQUEFACIENS STRAIN D747
1928	SPINACH	REYNOUTRIA SACHALINE
1929	SPINACH	FLUDIOXONIL
1930	SPINACH	FLUOPICOLIDE
1931	SPINACH	PAECILOMYCES FUMOSOR
1932	SPINACH	MANDIPROPAMIDE TECHN
1933	SPINACH	NEEM OIL
1934	SPINACH	ZETA-CYPERMETHRIN
1935	SPINACH	COPPER OXIDE
1936	SPINACH	BACILLUS PUMILUS
1937	SPINACH	CYANTRANILIPROLE
1938	SPINACH	CHROMOBAC SUBTSUGAE PRAA4-1 CELLS AND SPENT MEDIA
1939	PLUMS	SPINOSAD
1940	PLUMS	CHLOROPICRIN
1941	PLUMS	QUINOLINE
1942	PLUMS	Z-8-DODECEN ACETATE
1943	PLUMS	BACILLUS SUBTILIS
1944	PLUMS	DODECANOL
1945	PLUMS	FLUBENDIAMIDE
1946	PLUMS	PYRETHRINS
1947	PLUMS	FENBUCONAZOLE
1948	PLUMS	ZIRAM
1949	PLUMS	COPPER HYDROXIDE
1950	PLUMS	ACETAMIPRID
1951	PLUMS	CAPRYLIC ACID
1952	PLUMS	TETRADECANOL
1953	PLUMS	CYPRODINIL
1954	PLUMS	RIMSULFURON
1955	PLUMS	2,4-D, DIMETH. SALT
1956	PLUMS	AZOXYSTROBIN
1957	PLUMS	CHLORANTRANILIPROLE
1958	PLUMS	PROPICONAZOLE
1959	PLUMS	BASIC COPPER SULFATE
1960	PLUMS	PYRACLOSTROBIN
1961	PLUMS	MYCLOBUTANIL
1962	PLUMS	MINERAL OIL
1963	PLUMS	GLYPHOSATE ISO. SALT
1964	PLUMS	GLUFOSINATE-AMMONIUM
1965	PLUMS	ORYZALIN
1966	PLUMS	ESFENVALERATE
1967	PLUMS	GLYPHOSATE POT. SALT
1968	PLUMS	BT KURSTAKI SA-11
1969	PLUMS	MYROTHECIUM VERRUC.
1970	PLUMS	SPIRODICLOFEN
1971	PLUMS	PYRIMETHANIL
1972	PLUMS	ALUMINUM PHOSPHIDE
1973	PLUMS	DODECADIEN-1-OL
1974	PLUMS	PYRAFLUFEN-ETHYL
1975	PLUMS	PENDIMETHALIN
1976	PLUMS	PYRIPROXYFEN
1977	PLUMS	IMIDACLOPRID
1978	PLUMS	TRIFLOXYSTROBIN
1979	PLUMS	FLUMIOXAZIN
1980	PLUMS	BT KURSTAKI ABTS-351
1981	PLUMS	CAPRIC ACID
1982	PLUMS	IPRODIONE
1983	PLUMS	HEXYTHIAZOX
1984	PLUMS	FENPYROXIMATE
1985	PLUMS	OXYFLUORFEN
1986	PLUMS	BT KURSTAKI SA-12
1987	PLUMS	SULFUR
1988	PLUMS	DIFLUBENZURON
1989	PLUMS	NEEM OIL, CLAR. HYD.
1990	PLUMS	ABAMECTIN
1991	PLUMS	INDOXACARB
1992	PLUMS	BUPROFEZIN
1993	PLUMS	LAMBDA-CYHALOTHRIN
1994	PLUMS	FENPROPATHRIN
1995	PLUMS	INDAZIFLAM
1996	PLUMS	DIAZINON
1997	PLUMS	CHLOROTHALONIL
1998	PLUMS	BOSCALID
1999	PLUMS	METHOXYFENOZIDE
2000	PLUMS	SPIROTETRAMAT
2001	PLUMS	PENTHIOPYRAD
2002	PLUMS	POTASSIUM SALTS
2003	PLUMS	SPINETORAM
2004	PLUMS	REYNOUTRIA SACHALINE
2005	PLUMS	E-8-DODECENYL ACETAT
2006	PLUMS	METCONAZOLE
2007	PLUMS	BIFENAZATE
2008	PLUMS	SPINETORAM-L
2009	PLUMS	COPPER CHLORIDE HYD.
2010	PLUMS	Z-8-DODECANOL
2011	PLUMS	ETOXAZOLE
2012	PLUMS	COPPER OXIDE
2013	PLUMS	PARAQUAT
2014	PLUMS	CHROMOBAC SUBTSUGAE PRAA4-1 CELLS AND SPENT MEDIA
2015	PLUMS	CHLORPYRIFOS
2016	ONIONS	SPINOSAD
2017	ONIONS	CHLOROPICRIN
2018	ONIONS	ETHOFUMESATE
2019	ONIONS	BACILLUS SUBTILIS
2020	ONIONS	S-METOLACHLOR
2021	ONIONS	BEAUVERIA BASSIANA
2022	ONIONS	PYRETHRINS
2023	ONIONS	METHOMYL
2024	ONIONS	ZINC PHOSPHIDE
2025	ONIONS	COPPER HYDROXIDE
2026	ONIONS	FENAMIDONE
2027	ONIONS	ACETAMIPRID
2028	ONIONS	DIMETHENAMID-P
2029	ONIONS	CYPRODINIL
2030	ONIONS	MALATHION
2031	ONIONS	OXAMYL
2032	ONIONS	AZADIRACHTIN
2033	ONIONS	PAECILOMYCES LILACIN
2034	ONIONS	BROMOXYNIL HEPTAN.
2035	ONIONS	AZOXYSTROBIN
2036	ONIONS	DICLORAN
2037	ONIONS	CHLORANTRANILIPROLE
2038	ONIONS	ZOXAMIDE
2039	ONIONS	BT KURSTAK ABTS-1857
2040	ONIONS	PROPICONAZOLE
2041	ONIONS	BASIC COPPER SULFATE
2042	ONIONS	PYRACLOSTROBIN
2043	ONIONS	METAM-POTASSIUM
2044	ONIONS	FLUAZIFOP-P-BUTYL
2045	ONIONS	HYDROGEN PEROXIDE
2046	ONIONS	FLUROXYPYR 1-MHE
2047	ONIONS	GLYPHOSATE ISO. SALT
2048	ONIONS	CONIOTHYRIUM MINITAN
2049	ONIONS	COPPER SULFATE
2050	ONIONS	CARBARYL
2051	ONIONS	ESFENVALERATE
2052	ONIONS	DICHLOROPROPENE
2053	ONIONS	GLYPHOSATE POT. SALT
2054	ONIONS	DINOTEFURAN
2055	ONIONS	CYPERMETHRIN
2056	ONIONS	ACEPHATE
2057	ONIONS	METOLACHLOR
2058	ONIONS	DIMETHOMORPH
2059	ONIONS	DCPA
2060	ONIONS	THIAMETHOXAM
2061	ONIONS	SETHOXYDIM
2062	ONIONS	TRIFLURALIN
2063	ONIONS	HALOSULFURON-METHYL
2064	ONIONS	PYRIMETHANIL
2065	ONIONS	D-LIMONENE
2066	ONIONS	MALEIC HYDRAZIDE, POTASSIUM SALT
2067	ONIONS	DIFENOCONAZOLE
2068	ONIONS	ALUMINUM PHOSPHIDE
2069	ONIONS	BENSULIDE
2070	ONIONS	PENDIMETHALIN
2071	ONIONS	IMIDACLOPRID
2072	ONIONS	CARFENTRAZONE-ETHYL
2073	ONIONS	BETA-CYFLUTHRIN
2074	ONIONS	FOSETYL-AL
2075	ONIONS	FLUMIOXAZIN
2076	ONIONS	METAM-SODIUM
2077	ONIONS	STRYCHNINE
2078	ONIONS	MONO-POTASSIUM SALT
2079	ONIONS	BT KURSTAKI ABTS-351
2080	ONIONS	IPRODIONE
2081	ONIONS	BENTAZON
2082	ONIONS	MANCOZEB
2083	ONIONS	DIPHACINONE
2084	ONIONS	CLETHODIM
2085	ONIONS	TEBUCONAZOLE
2086	ONIONS	OXYFLUORFEN
2087	ONIONS	KAOLIN
2088	ONIONS	MCPA, 2-ETHYLHEXYL
2089	ONIONS	CYMOXANIL
2090	ONIONS	MEFENOXAM
2091	ONIONS	SULFUR
2092	ONIONS	SPINETORAM
2093	ONIONS	XYLENE
2094	ONIONS	AMETOCTRADIN
2095	ONIONS	NEEM OIL, CLAR. HYD.
2096	ONIONS	ACIBENZOLAR-S-METHYL
2097	ONIONS	PERMETHRIN
2098	ONIONS	LINDANE
2099	ONIONS	FLUXAPYROXAD
2100	ONIONS	ABAMECTIN
2101	ONIONS	FAMOXADONE
2102	ONIONS	LAMBDA-CYHALOTHRIN
2103	ONIONS	OXATHIAPIPROLIN
2104	ONIONS	DIAZINON
2105	ONIONS	PEROXYACETIC ACID
2106	ONIONS	BIFENTHRIN
2107	ONIONS	CHLOROTHALONIL
2108	ONIONS	BOSCALID
2109	ONIONS	METHOXYFENOZIDE
2110	ONIONS	SPIROTETRAMAT
2111	ONIONS	PENTHIOPYRAD
2112	ONIONS	BURKHOLDERIA A396 CELLS & MEDIA
2113	ONIONS	GAMMA-CYHALOTHRIN
2114	ONIONS	POTASSIUM SALTS
2115	ONIONS	REYNOUTRIA SACHALINE
2116	ONIONS	DIMETHENAMID
2117	ONIONS	THIOPHANATE-METHYL
2118	ONIONS	FLUDIOXONIL
2119	ONIONS	MANDIPROPAMIDE TECHN
2120	ONIONS	DELTAMETHRIN
2121	ONIONS	COPPER CHLORIDE HYD.
2122	ONIONS	CUPRAMMONIUM ACETATE
2123	ONIONS	CLOPYRALID MONO SALT
2124	ONIONS	ZETA-CYPERMETHRIN
2125	ONIONS	COPPER OXIDE
2126	ONIONS	PARAQUAT
2127	ONIONS	CYANTRANILIPROLE
2128	ONIONS	CHLORPYRIFOS
2129	ONIONS	BROMOXYNIL OCTANOATE
2130	APPLES	SPINOSAD
2131	APPLES	CYCLOPROPENE,1-METHY
2132	APPLES	NORFLURAZON
2133	APPLES	QUINOLINE
2134	APPLES	CHLOROPICRIN
2135	APPLES	GIBBERELLIC ACID
2136	APPLES	Z-8-DODECEN ACETATE
2137	APPLES	BACILLUS SUBTILIS
2138	APPLES	2,4-D
2139	APPLES	SIMAZINE
2140	APPLES	CYFLUTHRIN
2141	APPLES	DODECANOL
2142	APPLES	BEAUVERIA BASSIANA
2143	APPLES	OXYTETRACYCLINE CALC
2144	APPLES	CLOFENTEZINE
2145	APPLES	AUREOBASIDIUM PULLULANS DSM 14940
2146	APPLES	METSULFURON-METHYL
2147	APPLES	FLUBENDIAMIDE
2148	APPLES	PYRETHRINS
2149	APPLES	FENBUCONAZOLE
2150	APPLES	OXYTETRACYCLINE HYDROCHLORIDE
2151	APPLES	METHOMYL
2152	APPLES	CYFLUMETOFEN
2153	APPLES	NAA, SODIUM
2154	APPLES	ZINC PHOSPHIDE
2155	APPLES	CAPTAN
2156	APPLES	ZIRAM
2157	APPLES	COPPER HYDROXIDE
2158	APPLES	ACETAMIPRID
2159	APPLES	(Z;Z)-3;13-OCTADECADIEN-1-OL
2160	APPLES	CAPRYLIC ACID
2161	APPLES	TETRADECANOL
2162	APPLES	CYPRODINIL
2163	APPLES	RIMSULFURON
2164	APPLES	MALATHION
2165	APPLES	2,4-D, DIMETH. SALT
2166	APPLES	AZADIRACHTIN
2167	APPLES	OXAMYL
2168	APPLES	METHIDATHION
2169	APPLES	(E;Z)-2;13-OCTADECADIEN-1-OL
2170	APPLES	FLUMICLORAC-PENTYL
2171	APPLES	PHOSMET
2172	APPLES	ISOXABEN
2173	APPLES	CHLORANTRANILIPROLE
2174	APPLES	PROPICONAZOLE
2175	APPLES	BASIC COPPER SULFATE
2176	APPLES	PYRACLOSTROBIN
2177	APPLES	HYDROGEN PEROXIDE
2178	APPLES	METIRAM
2179	APPLES	MYCLOBUTANIL
2180	APPLES	MINERAL OIL
2181	APPLES	COPPER OCTANOATE
2182	APPLES	ETHION
2183	APPLES	TERBACIL
2184	APPLES	PETROLEUM DISTILLATE
2185	APPLES	FENVALERATE
2186	APPLES	CANOLA OIL
2187	APPLES	GLYPHOSATE ISO. SALT
2188	APPLES	COPPER SULFATE
2189	APPLES	PIPERONYL BUTOXIDE
2190	APPLES	GLUFOSINATE-AMMONIUM
2191	APPLES	CARBARYL
2192	APPLES	FLUAZINAM
2193	APPLES	ORYZALIN
2194	APPLES	ESFENVALERATE
2195	APPLES	DICHLOROPROPENE
2196	APPLES	GLYPHOSATE POT. SALT
2197	APPLES	DINOTEFURAN
2198	APPLES	FLUTRIAFOL
2199	APPLES	METRAFENONE
2200	APPLES	NAA, AMMONIUM SALT
2201	APPLES	THIAMETHOXAM
2202	APPLES	SETHOXYDIM
2203	APPLES	THIFENSULFURON
2204	APPLES	CLOTHIANIDIN
2205	APPLES	HALOSULFURON-METHYL
2206	APPLES	SPIRODICLOFEN
2207	APPLES	ETHEPHON
2208	APPLES	PRONAMIDE
2209	APPLES	PYRIMETHANIL
2210	APPLES	CYTOKININS
2211	APPLES	FENAMIPHOS
2212	APPLES	METHYL ANTHRANILATE
2213	APPLES	DIFENOCONAZOLE
2214	APPLES	ALUMINUM PHOSPHIDE
2215	APPLES	DODECADIEN-1-OL
2216	APPLES	PYRAFLUFEN-ETHYL
2217	APPLES	TRIFLUMIZOLE
2218	APPLES	DICHLOBENIL
2219	APPLES	PENDIMETHALIN
2220	APPLES	PRODIAMINE
2221	APPLES	SAFLUFENACIL
2222	APPLES	FERBAM
2223	APPLES	FLUOPYRAM
2224	APPLES	PYRIPROXYFEN
2225	APPLES	POTASSIUM BICARBON.
2226	APPLES	2,4-D, DIETH. SALT
2227	APPLES	PROHYDROJASMON
2228	APPLES	IMIDACLOPRID
2229	APPLES	CRYOLITE
2230	APPLES	2,4-D, 2-EHE
2231	APPLES	CARFENTRAZONE-ETHYL
2232	APPLES	CALCIUM POLYSULFIDE
2233	APPLES	BETA-CYFLUTHRIN
2234	APPLES	NAA, POTASSIUM SALT
2235	APPLES	QUIZALOFOP-P-ETHYL
2236	APPLES	TRIFLOXYSTROBIN
2237	APPLES	FOSETYL-AL
2238	APPLES	FLUMIOXAZIN
2239	APPLES	FENBUTATIN-OXIDE
2240	APPLES	COPPER AMM. COMPLEX
2241	APPLES	METAM-SODIUM
2242	APPLES	STRYCHNINE
2243	APPLES	MONO-POTASSIUM SALT
2244	APPLES	KASUGAMYCIN
2245	APPLES	BT KURSTAKI ABTS-351
2246	APPLES	CAPRIC ACID
2247	APPLES	IPRODIONE
2248	APPLES	PROPARGITE
2249	APPLES	ENDOSULFAN
2250	APPLES	BUTENOIC ACID HYDRO.
2251	APPLES	PROMETRYN
2252	APPLES	AMMONIUM PELARGONATE
2253	APPLES	CYAZOFAMID
2254	APPLES	BORAX DECAHYDRATE
2255	APPLES	TRIBENURON-METHYL
2256	APPLES	MANCOZEB
2257	APPLES	HEXYTHIAZOX
2258	APPLES	FENPYROXIMATE
2259	APPLES	CLETHODIM
2260	APPLES	DIPHACINONE
2261	APPLES	NAA
2262	APPLES	TEBUCONAZOLE
2263	APPLES	HARPIN A B PROTEIN
2264	APPLES	AUREOBASIDIUM PULLULANS DSM 14941
2265	APPLES	AMM. SOAP FATTY ACID
2266	APPLES	OXYFLUORFEN
2267	APPLES	SULFOXAFLOR
2268	APPLES	KAOLIN
2269	APPLES	BT KURSTAKI SA-12
2270	APPLES	DODINE
2271	APPLES	CYD-X GRANULO. VIRUS
2272	APPLES	FLONICAMID
2273	APPLES	SULFUR
2274	APPLES	MEFENOXAM
2275	APPLES	INDOLEBUTYRIC ACID
2276	APPLES	XYLENE
2277	APPLES	NEEM OIL, CLAR. HYD.
2278	APPLES	ACIBENZOLAR-S-METHYL
2279	APPLES	PERMETHRIN
2280	APPLES	BENZYLADENINE
2281	APPLES	LINDANE
2282	APPLES	POTASSIUM PHOSPHATE
2283	APPLES	FLUXAPYROXAD
2284	APPLES	GLYPHOSATE
2285	APPLES	DIURON
2286	APPLES	ABAMECTIN
2287	APPLES	INDOXACARB
2288	APPLES	PYRIDABEN
2289	APPLES	BUPROFEZIN
2290	APPLES	DIMETHOATE
2291	APPLES	LAMBDA-CYHALOTHRIN
2292	APPLES	STREPTOMYCIN SULFATE
2293	APPLES	FENPROPATHRIN
2294	APPLES	NRRL B-21856
2295	APPLES	CYDIA POMONELLA GRANULOVIRUS V22
2296	APPLES	GIBBERELLINS A4A7
2297	APPLES	EMAMECTIN BENZOATE
2298	APPLES	(Z;Z)-2;13-OCTADECADIEN-1-OL ACETATE
2299	APPLES	ACEQUINOCYL
2300	APPLES	DIAZINON
2301	APPLES	THIACLOPRID
2302	APPLES	INDAZIFLAM
2303	APPLES	PEROXYACETIC ACID
2304	APPLES	PROHEXADIONE CALCIUM
2305	APPLES	BIFENTHRIN
2306	APPLES	TETRADECEN-1-OL (Z)
2307	APPLES	CHLOROTHALONIL
2308	APPLES	AZINPHOS-METHYL
2309	APPLES	DIENOCHLOR
2310	APPLES	FENARIMOL
2311	APPLES	BOSCALID
2312	APPLES	METHOXYFENOZIDE
2313	APPLES	SPIROTETRAMAT
2314	APPLES	PENTHIOPYRAD
2315	APPLES	BURKHOLDERIA A396 CELLS & MEDIA
2316	APPLES	NAD
2317	APPLES	FLUPYRADIFURONE
2318	APPLES	GAMMA-CYHALOTHRIN
2319	APPLES	GLYPHOSATE AMM. SALT
2320	APPLES	POTASSIUM SALTS
2321	APPLES	BACILLUS AMYLOLIQUEFACIENS STRAIN D747
2322	APPLES	SPINETORAM
2323	APPLES	REYNOUTRIA SACHALINE
2324	APPLES	E-8-DODECENYL ACETAT
2325	APPLES	THIOPHANATE-METHYL
2326	APPLES	BIFENAZATE
2327	APPLES	SPINETORAM-L
2328	APPLES	ETHYL (2E;4Z)-DECADIENOATE
2329	APPLES	PAECILOMYCES FUMOSOR
2330	APPLES	DELTAMETHRIN
2331	APPLES	NEEM OIL
2332	APPLES	COPPER CHLORIDE HYD.
2333	APPLES	CHLOROPHACINONE
2334	APPLES	Z-8-DODECANOL
2335	APPLES	CLOPYRALID MONO SALT
2336	APPLES	COPPER RESINATE
2337	APPLES	ETOXAZOLE
2338	APPLES	ZETA-CYPERMETHRIN
2339	APPLES	COPPER OXIDE
2340	APPLES	DIQUAT DIBROMIDE
2341	APPLES	PARAQUAT
2342	APPLES	OCTADECADIEN (Z,Z)
2343	APPLES	BACILLUS PUMILUS
2344	APPLES	CYANTRANILIPROLE
2345	APPLES	CHROMOBAC SUBTSUGAE PRAA4-1 CELLS AND SPENT MEDIA
2346	APPLES	KRESOXIM-METHYL
2347	APPLES	NOVALURON
2348	APPLES	CHLORPYRIFOS
2349	AVOCADOS	SPINOSAD
2350	AVOCADOS	PETROLEUM DISTILLATE
2351	AVOCADOS	GIBBERELLIC ACID
2352	AVOCADOS	ABAMECTIN
2353	AVOCADOS	GLYPHOSATE ISO. SALT
2354	AVOCADOS	CARBARYL
2355	AVOCADOS	SIMAZINE
2356	AVOCADOS	FENPROPATHRIN
2357	AVOCADOS	STRYCHNINE
2358	AVOCADOS	NAA, ETHYL ESTER
2359	AVOCADOS	GLYPHOSATE POT. SALT
2360	AVOCADOS	IRON PHOSPHATE
2361	AVOCADOS	PYRETHRINS
2362	AVOCADOS	FERRIC SODIUM EDTA
2363	AVOCADOS	ZINC PHOSPHIDE
2364	AVOCADOS	COPPER HYDROXIDE
2365	AVOCADOS	SPIRODICLOFEN
2366	AVOCADOS	FENPYROXIMATE
2367	AVOCADOS	DIPHACINONE
2368	AVOCADOS	GLYPHOSATE AMM. SALT
2369	AVOCADOS	POTASSIUM SALTS
2370	AVOCADOS	SPINETORAM
2371	AVOCADOS	OXYFLUORFEN
2372	AVOCADOS	BROMADIOLONE
2373	AVOCADOS	SPINETORAM-L
2374	AVOCADOS	METALDEHYDE
2375	AVOCADOS	SAFLUFENACIL
2376	AVOCADOS	AZOXYSTROBIN
2377	AVOCADOS	KAOLIN
2378	AVOCADOS	IMIDACLOPRID
2379	AVOCADOS	MEFENOXAM
2380	AVOCADOS	CARFENTRAZONE-ETHYL
2381	AVOCADOS	CHLOROPHACINONE
2382	AVOCADOS	PARAQUAT
2383	AVOCADOS	NEEM OIL, CLAR. HYD.
2384	AVOCADOS	WARFARIN
2385	AVOCADOS	MINERAL OIL
2386	AVOCADOS	CHLORPYRIFOS
2387	GRAPES	SPINOSAD
2388	GRAPES	GIBBERELLIC ACID
2389	GRAPES	POTASSIUM SILICATE
2390	GRAPES	QUINOLINE
2391	GRAPES	Z-8-DODECEN ACETATE
2392	GRAPES	METAFLUMIZONE
2393	GRAPES	BACILLUS SUBTILIS
2394	GRAPES	SIMAZINE
2395	GRAPES	CYFLUTHRIN
2396	GRAPES	FLUBENDIAMIDE
2397	GRAPES	PYRETHRINS
2398	GRAPES	ZIRAM
2399	GRAPES	COPPER HYDROXIDE
2400	GRAPES	ACETAMIPRID
2401	GRAPES	CAPRYLIC ACID
2402	GRAPES	CYPRODINIL
2403	GRAPES	RIMSULFURON
2404	GRAPES	FORCHLORFENURON
2405	GRAPES	2,4-D, DIMETH. SALT
2406	GRAPES	AZADIRACHTIN
2407	GRAPES	TETRACONAZOLE
2408	GRAPES	PHOSMET
2409	GRAPES	ISOXABEN
2410	GRAPES	AZOXYSTROBIN
2411	GRAPES	POLYOXIN D ZINC SALT
2412	GRAPES	CHLORANTRANILIPROLE
2413	GRAPES	PROPICONAZOLE
2414	GRAPES	BASIC COPPER SULFATE
2415	GRAPES	PYRACLOSTROBIN
2416	GRAPES	HYDROGEN PEROXIDE
2417	GRAPES	MYCLOBUTANIL
2418	GRAPES	MINERAL OIL
2419	GRAPES	PETROLEUM DISTILLATE
2420	GRAPES	GLYPHOSATE ISO. SALT
2421	GRAPES	GLUFOSINATE-AMMONIUM
2422	GRAPES	ORYZALIN
2423	GRAPES	ESFENVALERATE
2424	GRAPES	DICHLOROPROPENE
2425	GRAPES	GLYPHOSATE POT. SALT
2426	GRAPES	METRAFENONE
2427	GRAPES	SETHOXYDIM
2428	GRAPES	CLOTHIANIDIN
2429	GRAPES	ETHEPHON
2430	GRAPES	PYRIMETHANIL
2431	GRAPES	DIFENOCONAZOLE
2432	GRAPES	PYRAFLUFEN-ETHYL
2433	GRAPES	TRIFLUMIZOLE
2434	GRAPES	PENDIMETHALIN
2435	GRAPES	FLUOPYRAM
2436	GRAPES	POTASSIUM BICARBON.
2437	GRAPES	IMIDACLOPRID
2438	GRAPES	CYFLUFENAMID
2439	GRAPES	CRYOLITE
2440	GRAPES	CALCIUM POLYSULFIDE
2441	GRAPES	BETA-CYFLUTHRIN
2442	GRAPES	TRIFLOXYSTROBIN
2443	GRAPES	FLUMIOXAZIN
2444	GRAPES	S-ABSCISIC ACID
2445	GRAPES	SULFENTRAZONE
2446	GRAPES	MONO-POTASSIUM SALT
2447	GRAPES	BT KURSTAKI ABTS-351
2448	GRAPES	CAPRIC ACID
2449	GRAPES	IPRODIONE
2450	GRAPES	FLAZASULFURON
2451	GRAPES	MANCOZEB
2452	GRAPES	FENPYROXIMATE
2453	GRAPES	CLETHODIM
2454	GRAPES	TEBUCONAZOLE
2455	GRAPES	OXYFLUORFEN
2456	GRAPES	BT KURSTAKI SA-12
2457	GRAPES	SULFUR
2458	GRAPES	GLYPHOSATE
2459	GRAPES	DIURON
2460	GRAPES	ABAMECTIN
2461	GRAPES	BUPROFEZIN
2462	GRAPES	FENPROPATHRIN
2463	GRAPES	FENHEXAMID
2464	GRAPES	INDAZIFLAM
2465	GRAPES	BOSCALID
2466	GRAPES	METHOXYFENOZIDE
2467	GRAPES	SPIROTETRAMAT
2468	GRAPES	BACILLUS AMYLOLIQUEFACIENS STRAIN D747
2469	GRAPES	SPINETORAM
2470	GRAPES	REYNOUTRIA SACHALINE
2471	GRAPES	E-8-DODECENYL ACETAT
2472	GRAPES	THIOPHANATE-METHYL
2473	GRAPES	FLUDIOXONIL
2474	GRAPES	BIFENAZATE
2475	GRAPES	SPINETORAM-L
2476	GRAPES	CYANAMID
2477	GRAPES	COPPER CHLORIDE HYD.
2478	GRAPES	Z-8-DODECANOL
2479	GRAPES	ETOXAZOLE
2480	GRAPES	PARAQUAT
2481	GRAPES	BACILLUS PUMILUS
2482	GRAPES	KRESOXIM-METHYL
2483	GRAPES	CHLORPYRIFOS
2484	POTATOES	SPINOSAD
2485	POTATOES	CHLOROPICRIN
2486	POTATOES	ETHOPROP
2487	POTATOES	BACILLUS SUBTILIS
2488	POTATOES	GABA
2489	POTATOES	S-METOLACHLOR
2490	POTATOES	CYFLUTHRIN
2491	POTATOES	PYRETHRINS
2492	POTATOES	METHOMYL
2493	POTATOES	COPPER HYDROXIDE
2494	POTATOES	FENAMIDONE
2495	POTATOES	ACETAMIPRID
2496	POTATOES	DIMETHENAMID-P
2497	POTATOES	RIMSULFURON
2498	POTATOES	MALATHION
2499	POTATOES	2,4-D, DIMETH. SALT
2500	POTATOES	AZADIRACHTIN
2501	POTATOES	OXAMYL
2502	POTATOES	PHOSMET
2503	POTATOES	AZOXYSTROBIN
2504	POTATOES	CHLORANTRANILIPROLE
2505	POTATOES	ZOXAMIDE
2506	POTATOES	BRODIFACOUM
2507	POTATOES	FLUOXASTROBIN
2508	POTATOES	PYRACLOSTROBIN
2509	POTATOES	L-GLUTAMIC ACID
2510	POTATOES	METAM-POTASSIUM
2511	POTATOES	HYDROGEN PEROXIDE
2512	POTATOES	METIRAM
2513	POTATOES	MYCLOBUTANIL
2514	POTATOES	COPPER OCTANOATE
2515	POTATOES	METRIBUZIN
2516	POTATOES	GLYPHOSATE ISO. SALT
2517	POTATOES	COPPER SULFATE
2518	POTATOES	PIPERONYL BUTOXIDE
2519	POTATOES	GLUFOSINATE-AMMONIUM
2520	POTATOES	CARBARYL
2521	POTATOES	FLUAZINAM
2522	POTATOES	FIPRONIL
2523	POTATOES	SPINETORAM-J
2524	POTATOES	ESFENVALERATE
2525	POTATOES	DICHLOROPROPENE
2526	POTATOES	GLYPHOSATE POT. SALT
2527	POTATOES	COPPER OXYCHLO. SUL.
2528	POTATOES	METOLACHLOR
2529	POTATOES	DIMETHOMORPH
2530	POTATOES	TRIPHENYLTIN HYDROX.
2531	POTATOES	THIAMETHOXAM
2532	POTATOES	SETHOXYDIM
2533	POTATOES	LINURON
2534	POTATOES	TRIFLURALIN
2535	POTATOES	CLOTHIANIDIN
2536	POTATOES	CYTOKININS
2537	POTATOES	PYRIMETHANIL
2538	POTATOES	D-LIMONENE
2539	POTATOES	PHORATE
2540	POTATOES	FLUTOLANIL
2541	POTATOES	MALEIC HYDRAZIDE, POTASSIUM SALT
2542	POTATOES	DIFENOCONAZOLE
2543	POTATOES	EPTC
2544	POTATOES	PCNB
2545	POTATOES	PENDIMETHALIN
2546	POTATOES	FLUOPYRAM
2547	POTATOES	IMIDACLOPRID
2548	POTATOES	2,4-D, 2-EHE
2549	POTATOES	CARFENTRAZONE-ETHYL
2550	POTATOES	ALK. DIM. BENZYL 50%
2551	POTATOES	BETA-CYFLUTHRIN
2552	POTATOES	METALAXYL
2553	POTATOES	FLUMIOXAZIN
2554	POTATOES	PYMETROZINE
2555	POTATOES	METAM-SODIUM
2556	POTATOES	MONO-POTASSIUM SALT
2557	POTATOES	BACILLUS SUBTILIS AMYLOLIQUEFAC FZB24
2558	POTATOES	IPRODIONE
2559	POTATOES	PROPARGITE
2560	POTATOES	ENDOSULFAN
2561	POTATOES	CYAZOFAMID
2562	POTATOES	MANCOZEB
2563	POTATOES	PHOSPHOROUS ACID
2564	POTATOES	HEXYTHIAZOX
2565	POTATOES	CLETHODIM
2566	POTATOES	DIQUAT DIBROMIDE
2567	POTATOES	TEBUCONAZOLE
2568	POTATOES	HARPIN A B PROTEIN
2569	POTATOES	SULFURIC ACID
2570	POTATOES	SULFOXAFLOR
2571	POTATOES	FLONICAMID
2572	POTATOES	MCPA, 2-ETHYLHEXYL
2573	POTATOES	CYMOXANIL
2574	POTATOES	MEFENOXAM
2575	POTATOES	SULFUR
2576	POTATOES	INDOLEBUTYRIC ACID
2577	POTATOES	AMETOCTRADIN
2578	POTATOES	PERMETHRIN
2579	POTATOES	FLUXAPYROXAD
2580	POTATOES	ABAMECTIN
2581	POTATOES	FAMOXADONE
2582	POTATOES	DIMETHOATE
2583	POTATOES	LAMBDA-CYHALOTHRIN
2584	POTATOES	PROPAMOCARB HYDROCH.
2585	POTATOES	ALPHA CYPERMETHRIN
2586	POTATOES	GIBBERELLINS A4A7
2587	POTATOES	BIFENTHRIN
2588	POTATOES	CHLOROTHALONIL
2589	POTATOES	BOSCALID
2590	POTATOES	SPIROTETRAMAT
2591	POTATOES	POTASSIUM SALTS
2592	POTATOES	METCONAZOLE
2593	POTATOES	FLUDIOXONIL
2594	POTATOES	BIFENAZATE
2595	POTATOES	SPINETORAM-L
2596	POTATOES	PARAQUAT
2597	POTATOES	SPIROMESIFEN
2598	POTATOES	FOMESAFEN SODIUM
2599	POTATOES	MANDIPROPAMIDE TECHN
2600	POTATOES	COPPER CHLORIDE HYD.
2601	POTATOES	CLOPYRALID MONO SALT
2602	POTATOES	ZETA-CYPERMETHRIN
2603	POTATOES	ALK. DIM. ETH. BENZ.
2604	POTATOES	BACILLUS PUMILUS
2605	POTATOES	ALK. DIM. BENZYL 60%
2606	POTATOES	NOVALURON
2607	GRAPEFRUIT	SPINOSAD
2608	GRAPEFRUIT	GIBBERELLIC ACID
2609	GRAPEFRUIT	NORFLURAZON
2610	GRAPEFRUIT	METAFLUMIZONE
2611	GRAPEFRUIT	BACILLUS SUBTILIS
2612	GRAPEFRUIT	2,4-D
2613	GRAPEFRUIT	SIMAZINE
2614	GRAPEFRUIT	CYFLUTHRIN
2615	GRAPEFRUIT	PYRETHRINS
2616	GRAPEFRUIT	OXYTETRACYCLINE HYDROCHLORIDE
2617	GRAPEFRUIT	FENBUCONAZOLE
2618	GRAPEFRUIT	HYDRAMETHYLNON
2619	GRAPEFRUIT	ZINC PHOSPHIDE
2620	GRAPEFRUIT	CAPTAN
2621	GRAPEFRUIT	COPPER HYDROXIDE
2622	GRAPEFRUIT	FENAMIDONE
2623	GRAPEFRUIT	ACETAMIPRID
2624	GRAPEFRUIT	RIMSULFURON
2625	GRAPEFRUIT	MALATHION
2626	GRAPEFRUIT	2,4-D, DIMETH. SALT
2627	GRAPEFRUIT	OXAMYL
2628	GRAPEFRUIT	METALDEHYDE
2629	GRAPEFRUIT	PHOSMET
2630	GRAPEFRUIT	HYDROLYZATE
2631	GRAPEFRUIT	AZOXYSTROBIN
2632	GRAPEFRUIT	CHLORANTRANILIPROLE
2633	GRAPEFRUIT	BROMACIL
2634	GRAPEFRUIT	PROPICONAZOLE
2635	GRAPEFRUIT	BASIC COPPER SULFATE
2636	GRAPEFRUIT	PYRACLOSTROBIN
2637	GRAPEFRUIT	BT KURSTAKI EG2348
2638	GRAPEFRUIT	FLUAZIFOP-P-BUTYL
2639	GRAPEFRUIT	MYCLOBUTANIL
2640	GRAPEFRUIT	MINERAL OIL
2641	GRAPEFRUIT	TOLFENPYRAD
2642	GRAPEFRUIT	PETROLEUM DISTILLATE
2643	GRAPEFRUIT	GLYPHOSATE ISO. SALT
2644	GRAPEFRUIT	COPPER SULFATE
2645	GRAPEFRUIT	CARBARYL
2646	GRAPEFRUIT	SPINETORAM-J
2647	GRAPEFRUIT	ORYZALIN
2648	GRAPEFRUIT	GLYPHOSATE POT. SALT
2649	GRAPEFRUIT	THIAMETHOXAM
2650	GRAPEFRUIT	2,4-D, ISOPROP. SALT
2651	GRAPEFRUIT	SETHOXYDIM
2652	GRAPEFRUIT	SPIRODICLOFEN
2653	GRAPEFRUIT	CYTOKININS
2654	GRAPEFRUIT	DIFENOCONAZOLE
2655	GRAPEFRUIT	FORMETANATE HYDRO.
2656	GRAPEFRUIT	PCNB
2657	GRAPEFRUIT	PENDIMETHALIN
2658	GRAPEFRUIT	SAFLUFENACIL
2659	GRAPEFRUIT	FERBAM
2660	GRAPEFRUIT	PYRIPROXYFEN
2661	GRAPEFRUIT	GLIOCLADIUM VIRENS
2662	GRAPEFRUIT	IMIDACLOPRID
2663	GRAPEFRUIT	SULFUR
2664	GRAPEFRUIT	CARFENTRAZONE-ETHYL
2665	GRAPEFRUIT	2,4-D, ISOPROP ESTER
2666	GRAPEFRUIT	BETA-CYFLUTHRIN
2667	GRAPEFRUIT	TRIFLOXYSTROBIN
2668	GRAPEFRUIT	FOSETYL-AL
2669	GRAPEFRUIT	FENBUTATIN-OXIDE
2670	GRAPEFRUIT	PELARGONIC ACID
2671	GRAPEFRUIT	BUTOXYETHYL TRICLOPY
2672	GRAPEFRUIT	STRYCHNINE
2673	GRAPEFRUIT	MONO-POTASSIUM SALT
2674	GRAPEFRUIT	BT KURSTAKI ABTS-351
2675	GRAPEFRUIT	(METH)PROPIONIC ACID
2676	GRAPEFRUIT	FENPYROXIMATE
2677	GRAPEFRUIT	DIPHACINONE
2678	GRAPEFRUIT	ALDICARB
2679	GRAPEFRUIT	OXYFLUORFEN
2680	GRAPEFRUIT	SULFOXAFLOR
2681	GRAPEFRUIT	KAOLIN
2682	GRAPEFRUIT	MEFENOXAM
2683	GRAPEFRUIT	DIFLUBENZURON
2684	GRAPEFRUIT	INDOLEBUTYRIC ACID
2685	GRAPEFRUIT	NEEM OIL, CLAR. HYD.
2686	GRAPEFRUIT	DIURON
2687	GRAPEFRUIT	ABAMECTIN
2688	GRAPEFRUIT	PYRIDABEN
2689	GRAPEFRUIT	BUPROFEZIN
2690	GRAPEFRUIT	DIMETHOATE
2691	GRAPEFRUIT	STREPTOMYCIN SULFATE
2692	GRAPEFRUIT	FENPROPATHRIN
2693	GRAPEFRUIT	INDAZIFLAM
2694	GRAPEFRUIT	STREPTOMYCES LYDICUS
2695	GRAPEFRUIT	BIFENTHRIN
2696	GRAPEFRUIT	CHLOROTHALONIL
2697	GRAPEFRUIT	BOSCALID
2698	GRAPEFRUIT	METHOXYFENOZIDE
2699	GRAPEFRUIT	SPIROTETRAMAT
2700	GRAPEFRUIT	CHENOPODIUM AMBROSIO
2701	GRAPEFRUIT	FLUPYRADIFURONE
2702	GRAPEFRUIT	SPINETORAM
2703	GRAPEFRUIT	SPINETORAM-L
2704	GRAPEFRUIT	PAECILOMYCES FUMOSOR
2705	GRAPEFRUIT	COPPER CHLORIDE HYD.
2706	GRAPEFRUIT	NALED
2707	GRAPEFRUIT	CHLOROPHACINONE
2708	GRAPEFRUIT	CUPRAMMONIUM ACETATE
2709	GRAPEFRUIT	COPPER RESINATE
2710	GRAPEFRUIT	ZETA-CYPERMETHRIN
2711	GRAPEFRUIT	COPPER OXIDE
2712	GRAPEFRUIT	DIQUAT DIBROMIDE
2713	GRAPEFRUIT	PARAQUAT
2714	GRAPEFRUIT	S-METHOPRENE
2715	GRAPEFRUIT	CHROMOBAC SUBTSUGAE PRAA4-1 CELLS AND SPENT MEDIA
2716	GRAPEFRUIT	CHLORPYRIFOS
2717	ORANGES	SPINOSAD
2718	ORANGES	GIBBERELLIC ACID
2719	ORANGES	NORFLURAZON
2720	ORANGES	METAFLUMIZONE
2721	ORANGES	BACILLUS SUBTILIS
2722	ORANGES	SIMAZINE
2723	ORANGES	CYFLUTHRIN
2724	ORANGES	METSULFURON-METHYL
2725	ORANGES	PYRETHRINS
2726	ORANGES	OXYTETRACYCLINE HYDROCHLORIDE
2727	ORANGES	FENBUCONAZOLE
2728	ORANGES	ATRAZINE
2729	ORANGES	METHOMYL
2730	ORANGES	CYFLUMETOFEN
2731	ORANGES	ZINC PHOSPHIDE
2732	ORANGES	CAPTAN
2733	ORANGES	COPPER HYDROXIDE
2734	ORANGES	ACETAMIPRID
2735	ORANGES	RIMSULFURON
2736	ORANGES	MALATHION
2737	ORANGES	FARNESOL
2738	ORANGES	2,4-D, DIMETH. SALT
2739	ORANGES	OXAMYL
2740	ORANGES	BROMADIOLONE
2741	ORANGES	METALDEHYDE
2742	ORANGES	PHOSMET
2743	ORANGES	HYDROLYZATE
2744	ORANGES	AZOXYSTROBIN
2745	ORANGES	CHLORANTRANILIPROLE
2746	ORANGES	DICOFOL
2747	ORANGES	BROMACIL
2748	ORANGES	PROPICONAZOLE
2749	ORANGES	BASIC COPPER SULFATE
2750	ORANGES	PYRACLOSTROBIN
2751	ORANGES	COPPER SULFATE MONOH
2752	ORANGES	FLUAZIFOP-P-BUTYL
2753	ORANGES	HYDROGEN PEROXIDE
2754	ORANGES	MYCLOBUTANIL
2755	ORANGES	MINERAL OIL
2756	ORANGES	TOLFENPYRAD
2757	ORANGES	PETROLEUM DISTILLATE
2758	ORANGES	2,4-D, TRIISO. SALT
2759	ORANGES	GLYPHOSATE ISO. SALT
2760	ORANGES	COPPER SULFATE
2761	ORANGES	PIPERONYL BUTOXIDE
2762	ORANGES	GLUFOSINATE-AMMONIUM
2763	ORANGES	CARBARYL
2764	ORANGES	ORYZALIN
2765	ORANGES	GLYPHOSATE POT. SALT
2766	ORANGES	IRON PHOSPHATE
2767	ORANGES	ACEPHATE
2768	ORANGES	BACILLUS SUBT. GB03
2769	ORANGES	THIAMETHOXAM
2770	ORANGES	2,4-D, ISOPROP. SALT
2771	ORANGES	SETHOXYDIM
2772	ORANGES	CLOTHIANIDIN
2773	ORANGES	SPIRODICLOFEN
2774	ORANGES	SABADILLA
2775	ORANGES	DIFENOCONAZOLE
2776	ORANGES	FORMETANATE HYDRO.
2777	ORANGES	PENDIMETHALIN
2778	ORANGES	SAFLUFENACIL
2779	ORANGES	FERBAM
2780	ORANGES	FENOXAPROP-P-ETHYL
2781	ORANGES	PYRIPROXYFEN
2782	ORANGES	NEROLIDOL
2783	ORANGES	IMIDACLOPRID
2784	ORANGES	CRYOLITE
2785	ORANGES	2,4-D, 2-EHE
2786	ORANGES	CARFENTRAZONE-ETHYL
2787	ORANGES	SULFUR
2788	ORANGES	2,4-D, ISOPROP ESTER
2789	ORANGES	BETA-CYFLUTHRIN
2790	ORANGES	TRIFLOXYSTROBIN
2791	ORANGES	FOSETYL-AL
2792	ORANGES	FLUMIOXAZIN
2793	ORANGES	SULFENTRAZONE
2794	ORANGES	FENBUTATIN-OXIDE
2795	ORANGES	BUTOXYETHYL TRICLOPY
2796	ORANGES	STRYCHNINE
2797	ORANGES	MONO-POTASSIUM SALT
2798	ORANGES	BT KURSTAKI ABTS-351
2799	ORANGES	FLAZASULFURON
2800	ORANGES	PROPARGITE
2801	ORANGES	MANCOZEB
2802	ORANGES	HEXYTHIAZOX
2803	ORANGES	FENPYROXIMATE
2804	ORANGES	DIPHACINONE
2805	ORANGES	ALDICARB
2806	ORANGES	OXYFLUORFEN
2807	ORANGES	SULFOXAFLOR
2808	ORANGES	KAOLIN
2809	ORANGES	BT KURSTAKI SA-12
2810	ORANGES	DODINE
2811	ORANGES	MEFENOXAM
2812	ORANGES	DIFLUBENZURON
2813	ORANGES	NEEM OIL, CLAR. HYD.
2814	ORANGES	ALACHLOR
2815	ORANGES	GLYPHOSATE
2816	ORANGES	DIURON
2817	ORANGES	ABAMECTIN
2818	ORANGES	PYRIDABEN
2819	ORANGES	BUPROFEZIN
2820	ORANGES	DIMETHOATE
2821	ORANGES	FENPROPATHRIN
2822	ORANGES	FERRIC SODIUM EDTA
2823	ORANGES	QUILLAJA SAPONINS
2824	ORANGES	ACEQUINOCYL
2825	ORANGES	INDAZIFLAM
2826	ORANGES	PEROXYACETIC ACID
2827	ORANGES	STREPTOMYCES LYDICUS
2828	ORANGES	BIFENTHRIN
2829	ORANGES	CHLOROTHALONIL
2830	ORANGES	BOSCALID
2831	ORANGES	METHOXYFENOZIDE
2832	ORANGES	SPIROTETRAMAT
2833	ORANGES	FLUPYRADIFURONE
2834	ORANGES	PROMETON
2835	ORANGES	SPINETORAM
2836	ORANGES	SPINETORAM-L
2837	ORANGES	COPPER CHLORIDE HYD.
2838	ORANGES	NALED
2839	ORANGES	CHLOROPHACINONE
2840	ORANGES	CLOPYRALID MONO SALT
2841	ORANGES	CUPRAMMONIUM ACETATE
2842	ORANGES	ZETA-CYPERMETHRIN
2843	ORANGES	COPPER OXIDE
2844	ORANGES	DIQUAT DIBROMIDE
2845	ORANGES	DICAMBA, DIMET. SALT
2846	ORANGES	PARAQUAT
2847	ORANGES	CYANTRANILIPROLE
2848	ORANGES	CHROMOBAC SUBTSUGAE PRAA4-1 CELLS AND SPENT MEDIA
2849	ORANGES	CHLORPYRIFOS
